hora,region,avg_emision_ref,stddev_emision_ref,avg_emision_comb,stddev_emision_comb,avg_emision_comuna,stddev_emision_comuna,avg_emision_rebote,stddev_emision_rebote,avg_concentracion_ref,stddev_concentracion_ref,avg_concentracion_comb,stddev_concentracion_comb,avg_concentracion_comuna,stddev_concentracion_comuna,avg_concentracion_rebote,stddev_concentracion_rebote
0,Región Metropolitana de Santiago,1.5031826403253614,0.02779513192282242,0.9510302768989108,0.01739341808823017,0.9518997865814811,0.017409119730403183,0.9517456592514546,0.017406334795120264,15.914541986884936,2.4886852719768497,14.467261996605837,2.302619737523799,14.626035942134266,2.3760535218487724,14.516597909434964,2.315122046051336
0,Región de Aysén del Gral.Ibañez del Campo,1.7394921737329165,0.03149368267265205,0.27438752694623203,0.004944590300526185,0.4158395751323523,0.007497707973857334,0.9146727720820649,0.016509862899059452,9.051144729334686,2.4288953306015775,7.924542169482425,2.406748114198907,8.112378870634984,2.5116973810053524,8.649894934917542,2.263162777081598
0,Región de La Araucanía,4.890497710002847,0.0883285798305608,2.0845207727755217,0.037605827108225104,4.195871602004337,0.07578084172877958,2.869778247758967,0.051788205268114715,24.72331659536101,6.060541439767333,14.17134313943027,3.0630952528089654,23.02711851223767,5.778177503148202,17.51716583932135,4.05885154088259
0,Región de Los Lagos,5.151590848842692,0.0931956451028905,0.7057791099354952,0.012731376298392891,2.323276345176173,0.0419444400344517,2.5775110316023753,0.04652542813538637,18.564339525823783,3.5707569536304637,10.052600149633136,3.005363877840796,12.827889749561827,2.8620635217936767,13.871248502259576,2.934696508076234
0,Región de Los Ríos,2.870345657239282,0.051928761352946724,0.8456600140633818,0.015252965697749353,1.5286457169071146,0.027597256559602466,1.8024042719127067,0.03254292410107251,24.149021867989347,5.109768096675458,12.693626950510199,2.944688142311949,18.041249920922027,3.7256061232355737,18.56845248695402,3.9325379754402547
0,Región de Valparaíso,0.32036424316425766,0.005882721000901194,0.06505470837261018,0.001191095697434201,0.06592997869744419,0.001206898973633554,0.06511617317481118,0.001192205689802049,5.826114799553037,0.8369141858999116,4.151322240117711,0.7754088231992785,4.337956199039596,0.7592885441601582,4.189845840098356,0.7764023138237197
0,Región de Ñuble,1.772050809159293,0.03200125760395762,0.9738610433502005,0.017577265193645095,1.2375126198319502,0.022344566199822807,0.9761064684070421,0.017617193370428448,24.84496131556583,6.931127674780149,16.116886412483847,4.102695869491776,19.72500294588329,5.1042266257952456,16.319830227207675,4.125604576582839
0,Región del Bío-Bío,2.392319408213545,0.04327779009158828,1.2098680852880455,0.021864744284318872,1.7069370778890525,0.030870552547309617,1.244302939541702,0.02248816192254406,18.772503246639225,3.883354026964511,12.851737251496873,2.415720652331965,16.40746138609499,3.1954125583985333,13.372953377832179,2.4782093662402938
0,Región del Libertador Bernardo O'Higgins,0.38658387458723803,0.00704763037766418,0.23735779195981244,0.004294929304640924,0.2811054848796481,0.005085826474337701,0.24675045325232275,0.004464725962872051,8.263922301163994,1.338986614736873,6.911565385272893,1.1947281594714032,7.757636929663322,1.3157611582854987,7.085859056083082,1.2148471775413305
0,Región del Maule,0.8399938631780133,0.015200563447418276,0.29792412233148796,0.005380295640230703,0.6081363891376753,0.010988891233963882,0.3375412970714869,0.0060956641188164365,10.28949195511598,2.011981470908939,6.252211453004957,1.1936207843900177,8.479348435609324,1.5759142494391647,6.568525251083782,1.2350283718156718
1,Región Metropolitana de Santiago,0.9479706342165016,0.017694212816047744,0.5943942502311405,0.010916434623914928,0.5949327853075642,0.010926151027586251,0.5948373257355395,0.010924427280659305,14.95251105326891,2.1948965503462077,14.26701775125276,2.204009481614031,14.42558597666475,2.2551294562822473,14.314883984414696,2.216535656793412
1,Región de Aysén del Gral.Ibañez del Campo,1.0779189430034515,0.01951894020958198,0.1700034186730592,0.0030639847758343543,0.25761258339187076,0.004645266030618001,0.5665672843708974,0.01022697684865061,8.94499113276154,2.407024108485028,7.939364648748817,2.4023884466788963,8.126405212528473,2.5034626709742356,8.640997751105807,2.2541635808504257
1,Región de La Araucanía,3.1612682786204167,0.05710835637576895,1.3198292075499505,0.023806908694794106,2.665330526246507,0.048129481651506,1.8159859945598231,0.032766929886084754,23.28152022593152,5.523751598010425,13.852411482576208,2.9334775228864696,22.401758176784814,5.50783335269469,17.07115305179004,3.894838865827787
1,Región de Los Lagos,3.7388020988824437,0.06766703227595819,0.4804693435250199,0.008668603790075577,1.5291763779999954,0.027607281764570127,1.7541872303781023,0.031664827363084895,18.42040767664209,3.4687146444578896,10.062908156669334,2.979008686474819,12.786411085623834,2.7977253582818324,13.872546244390085,2.8951070826038956
1,Región de Los Ríos,2.135792501014964,0.038637198133162506,0.6173128034455088,0.011135095981461167,1.0500884100513663,0.01895678175204232,1.3140116829869053,0.023725736309735915,23.980108926839087,5.026011521066632,12.699122661598906,2.9058200476583824,18.025438798918042,3.624679923028739,18.541754545166306,3.8750633068187037
1,Región de Valparaíso,0.2000464106072943,0.003687754526182275,0.04068555032414417,0.0007483203198724653,0.041227653250999176,0.0007580986027820653,0.040723618858635874,0.0007490071424750053,5.471103188564004,0.7537589939889175,4.205142703044958,0.7747991091548989,4.3807608132703395,0.7591499589920023,4.241383597104241,0.7757517902482033
1,Región de Ñuble,1.0978642478534173,0.019829062872665185,0.6032373441424408,0.01089226394217828,0.7665298368124175,0.013846818133515869,0.6046280602867199,0.010916991302272545,22.804476059235427,6.438265082713348,15.333179727398537,4.033842059042631,18.816489158787086,4.981365141401547,15.545215022885474,4.053902469762207
1,Región del Bío-Bío,1.6044609955013818,0.029038224406013054,0.8204781992639231,0.014827096533984072,1.152995867520787,0.020846144754623413,0.8430239206717505,0.015233775372399536,17.837291040159663,3.5390906628487255,12.70031500490995,2.3908891531872585,16.276542960232863,3.1235825052178976,13.250790477312933,2.443747102619581
1,Región del Libertador Bernardo O'Higgins,0.24090450387781365,0.00440365999546064,0.1473019349434741,0.002667620690479486,0.17439724821949162,0.0031574847519670454,0.15311932261255032,0.00277278384279689,8.054433232399397,1.246456801036658,6.909611533069576,1.1496329257593643,7.754943339669703,1.2585803959376678,7.084621312830398,1.1681901116866926
1,Región del Maule,0.5219013409465535,0.00945645993438103,0.1848003114236699,0.0033398242486799893,0.37695848717823677,0.006814605685350922,0.2093400222021956,0.003782995360116077,9.996912351805864,1.912671888291285,6.271836319632192,1.1709461414065256,8.448044027426182,1.547444393565368,6.580070984291272,1.2117492641507566
2,Región Metropolitana de Santiago,0.8436285169496606,0.01578945112285811,0.5276402290507777,0.00970219840704903,0.5281170569381212,0.009710799051591053,0.5280325346050864,0.009709274319268837,13.554797701382006,1.8598847735057709,13.538843751118947,2.061571885217732,13.690491484416643,2.1059017542003984,13.584393967078842,2.0736801473404807
2,Región de Aysén del Gral.Ibañez del Campo,0.954551669641202,0.017285784549311612,0.1505388076475655,0.0027132832089547115,0.22810927815789658,0.004113371665894604,0.5016629726636097,0.009055509652500555,8.837605862013023,2.4088851034992915,7.953182362533333,2.416407998943925,8.133244373095646,2.5145222437617445,8.609338307020176,2.27254209422465
2,Región de La Araucanía,2.6772364727256512,0.048366975784418266,1.1420190738474827,0.020601851987770873,2.298073640006068,0.041501332343578425,1.5721817951381447,0.02837037701086846,21.242694402585638,4.881149903934321,13.178951404918754,2.761600539005001,21.016906364567284,5.066558688337115,16.13880455993831,3.6348505475760717
2,Región de Los Lagos,2.799924663905069,0.05066365261133312,0.3852537020944381,0.006951954138562906,1.2699713358608098,0.022930462551555557,1.4060825626394649,0.025382878533643776,17.63956255649517,3.313160644169306,9.994624991781393,2.96474856724902,12.567237126739112,2.768030559361,13.586570150124425,2.846539763934998
2,Región de Los Ríos,1.5577794539009162,0.02819031452026148,0.45931394207368503,0.008285552279181665,0.8333763008287507,0.015046357415763009,0.9788807289965276,0.017674961242293816,22.727972199361588,4.669620580453801,12.376944114674838,2.8735396121191354,17.463602593908796,3.500806080030309,17.821964189356684,3.7144684342001977
2,Región de Valparaíso,0.17753463581587198,0.003276445527001593,0.036122899109322995,0.0006652787752456111,0.03660288606861326,0.000673933912106799,0.03615660562632438,0.0006658867128125743,5.0949677418887,0.7076351617005074,4.230031715937066,0.8141275699474139,4.395712318492444,0.7980870973073095,4.264237793156188,0.8151570119618519
2,Región de Ñuble,0.9721520179861604,0.017559237288351664,0.5341280109558901,0.009639293464194457,0.6787063735679815,0.012252690685095194,0.5353593833249506,0.009661191241380632,20.22422046320655,5.72606169631263,14.043240938308298,3.755074737160338,17.269795311484216,4.630038787061983,14.265573437272536,3.7735106916574503
2,Región del Bío-Bío,1.3084831847646172,0.023693826387760433,0.6603061063331123,0.011926266875059308,0.9316840411676509,0.01683635087597961,0.6791305415987101,0.012266401874251846,16.419145052473837,3.152468449059965,12.211015956546671,2.3493959714195207,15.64697103556094,3.0100307770265893,12.780223151252892,2.391316915619658
2,Región del Libertador Bernardo O'Higgins,0.2136719637827508,0.003908895102395484,0.13049754664429417,0.0023638300048526117,0.15448821950592706,0.0027975240315921087,0.13564836112876458,0.00245693872435153,7.715989966124232,1.1604379846198594,6.763876340371043,1.1058800460513896,7.5767254525968974,1.1995267484664682,6.934115954878491,1.1223436409110965
2,Región del Maule,0.4625185771907622,0.008383546055670023,0.16369774419288285,0.002958188195692384,0.33384774434992254,0.0060337596057948376,0.18542657178727562,0.0033504793549695815,9.563484351974244,1.8271961028722623,6.2038290288668,1.1558535773417995,8.250703725372768,1.5155828083625544,6.49526264757337,1.1943667240937867
3,Región Metropolitana de Santiago,0.8372217466330965,0.015605838505240584,0.5256130399786344,0.009647440138457947,0.5260898679235909,0.009656044343638676,0.5260053455278605,0.009654518794409355,12.829752503455227,1.638866397013003,13.038615521837242,1.965333772204684,13.183973634797585,2.004475224448104,13.082304068614164,1.9768174728705197
3,Región de Aysén del Gral.Ibañez del Campo,0.9543605947194763,0.017281176280080267,0.1505166053448355,0.002712720344867361,0.22808703648888404,0.004112811974145365,0.501640736592988,0.009054957159540975,8.803605028315655,2.4239750595860157,7.972799116490587,2.4463488112119025,8.149898233215907,2.5400134322500065,8.601533128874236,2.308425965133125
3,Región de La Araucanía,2.6441681242562747,0.04776619928360861,1.1348330161980822,0.02047153242961506,2.281473197757684,0.04120053981029568,1.562555650662417,0.028195878260094343,19.803294837579685,4.375709808502031,12.686602281839649,2.637042139489668,20.011037793808065,4.732733087790017,15.46098192817466,3.44166346431814
3,Región de Los Lagos,2.6633663413846476,0.048187189714491235,0.3744241024789841,0.0067565167302611855,1.2474503035793532,0.022525173740547355,1.3667119911973338,0.02467405140921925,16.914885079352892,3.176372847203266,9.935819279401127,2.977840433770458,12.40655930009393,2.774224190816838,13.340813776774064,2.822752426924377
3,Región de Los Ríos,1.4686587911949425,0.026579127157907473,0.4360050211556709,0.007864986828080555,0.8076335967623163,0.014581889783314804,0.9296180132525924,0.01678533604530262,21.613493824560834,4.412507156555591,12.07212253998771,2.869615927425615,16.99199206904584,3.458519960076301,17.16719979787822,3.6152575168681547
3,Región de Valparaíso,0.17692032475608405,0.0032596129899402637,0.03597429622865909,0.0006612352365132569,0.03645428319048446,0.0006698943968099756,0.03600800273989943,0.0006618434497636847,4.892369140155156,0.6936333704285524,4.256618203469163,0.8685167585877166,4.4143204277428865,0.8530565754114359,4.289306183247225,0.8700815587834724
3,Región de Ñuble,0.9720251630939136,0.01755586116525704,0.5341044014888532,0.009642439294539219,0.6786849311300484,0.012257707947448081,0.5353357687812335,0.00966433486330674,18.727904834396345,5.274645045152025,13.232261930272232,3.554936619582027,16.299922227309732,4.384112669442288,13.465988973920458,3.5723605918689496
3,Región del Bío-Bío,1.2777267267199377,0.023132875793432168,0.6425558286693103,0.011608877958443339,0.9077870512812144,0.0164098371462356,0.6610767680479767,0.011943677352145599,15.432734786775233,2.94873828369909,11.815411782381718,2.3324374998657658,15.13566976483885,2.949433857418099,12.400431263530363,2.3711619323535813
3,Región del Libertador Bernardo O'Higgins,0.21311621583011453,0.003894198779868485,0.1303864548169083,0.0023610940949982413,0.15437667515419154,0.002794927664137304,0.13553721676060673,0.002454219860082886,7.5549605216025535,1.111364363212792,6.6742828470813995,1.067187607892596,7.466498784846345,1.1504858016209591,6.8413767234989615,1.0822906352782287
3,Región del Maule,0.4619061497065745,0.008367852200338127,0.1635959748842029,0.0029576774214835565,0.33374159384193025,0.006035950423493618,0.18532430023953958,0.003350263761550613,9.27996128235048,1.796839675874415,6.147234617697064,1.1454790690869463,8.110114783368873,1.499038317470618,6.428360275873468,1.1830321412767064
4,Región Metropolitana de Santiago,0.8323239633930818,0.015564022657144759,0.5209962105147735,0.009576234145865711,0.5214674286780134,0.00958473440375851,0.5213839002961613,0.009583227586062807,12.47326655756882,1.502790929340425,12.693336428702175,1.8910552209922098,12.833142267281666,1.926032290610501,12.735370219484592,1.9018002489312722
4,Región de Aysén del Gral.Ibañez del Campo,0.943279398789498,0.017081410029982633,0.14876298218762757,0.0026812489665680485,0.22542074886008145,0.004064889815934437,0.49575619427069734,0.008948877093399091,8.80690783720391,2.445960964630167,7.994038970741306,2.4800006701960893,8.16998781005463,2.568718959200654,8.606678466127246,2.3468652757139576
4,Región de La Araucanía,2.61635807152702,0.047266233923187795,1.1221881433160945,0.02024421067708402,2.2561970135099143,0.040745431059041236,1.5451012513486657,0.02788189328772114,18.89975207306263,4.004523864190778,12.356361797478659,2.5397136470020865,19.354909830113318,4.504886475662798,15.010485271512687,3.298718094385733
4,Región de Los Lagos,2.6444365024414895,0.04784424210691176,0.371057161256224,0.0066956820567083564,1.2348760910378926,0.022296909653151512,1.3542793800611181,0.024447626088067078,16.462738904730056,3.071711511628895,9.910563546348016,2.9963285689164016,12.320889510875308,2.7921360817920764,13.196078219174247,2.82415147774456
4,Región de Los Ríos,1.4593449013868829,0.026409927629011863,0.43298934009622836,0.007810560541252888,0.8004670671683667,0.01445243228459197,0.9231545887629042,0.016668604945985755,20.890003534096895,4.313163284618783,11.857480597847355,2.858396093294965,16.654392856168943,3.4539331403310403,16.729715953434685,3.5718089031103157
4,Región de Valparaíso,0.1753137183048122,0.0032342642189449435,0.03566592591613242,0.0006565793403680473,0.036140265975383785,0.0006651335395250514,0.03569923588111169,0.0006571801932880919,4.789322038389778,0.6995004016761198,4.272264806647615,0.9113563102356659,4.42367321386874,0.8963768716305399,4.3038311350309,0.9133784171570061
4,Región de Ñuble,0.9606875559733312,0.017351931857465468,0.5278295994420718,0.009533937744365924,0.6707027941928478,0.012120713297470031,0.5290464921227207,0.009555579877950906,17.917977849556216,4.934618281558459,12.747808016671279,3.388599364796335,15.71865708196742,4.190949370128219,12.992030900004663,3.4058883942823615
4,Región del Bío-Bío,1.2658526562157495,0.022920974171482443,0.6366350510898469,0.01151209100601721,0.8992985522856285,0.016270775750696156,0.654965797612538,0.011843312033976334,14.809062049212404,2.8434379368421916,11.535315444391202,2.3091240135423754,14.774169339330056,2.9032951819819566,12.130890941607127,2.3506508593599116
4,Región del Libertador Bernardo O'Higgins,0.21103851058781398,0.003859737493334648,0.12893808672688478,0.002335507018618363,0.15264610924750255,0.0027642184466368314,0.1340282543961376,0.002427534979743411,7.487033022819112,1.0880063987504032,6.618050778387214,1.0378882537110183,7.397336074711876,1.115357003377458,6.782563190380227,1.0522457450381084
4,Región del Maule,0.4569445108260994,0.008281450300315546,0.1617480406684046,0.0029236589250544007,0.3298928241426986,0.005963934981893983,0.18322085554676462,0.0033114388097599157,9.100328231502552,1.7856384681513775,6.097018634946016,1.131150778713139,8.004588777031985,1.4823123288016802,6.372161137907637,1.1683146098406245
5,Región Metropolitana de Santiago,0.8198106460564326,0.015303981330640886,0.5139697048110952,0.009439959813382732,0.5144353126873803,0.009448360850495104,0.5143527807718112,0.009446870675488305,12.235156396663456,1.4149893826820676,12.41149403081393,1.831350806492837,12.54633598652422,1.8638355884527906,12.452060235976756,1.8413311176579046
5,Región de Aysén del Gral.Ibañez del Campo,0.9319766123584206,0.016876268756657434,0.14698303776770613,0.0026490938499875343,0.22272828686902005,0.004016240112970748,0.48984543296991173,0.008842095555359131,8.811986972270647,2.47462192541486,8.020868113159931,2.5047432397789877,8.195712047736196,2.589116137490227,8.621290567788835,2.3762667289341124
5,Región de La Araucanía,2.5850966219300973,0.046700426239147254,1.108809487881654,0.020002978904245752,2.2293324144294777,0.040260709191547006,1.5266915918592525,0.02754986118536788,18.294378034319802,3.766304742395376,12.116033598911581,2.4723700805784254,18.881799122825885,4.3562477673847395,14.685081567587137,3.20165810072856
5,Región de Los Lagos,2.613159239361359,0.047278782858296155,0.36662556784704464,0.006615559431329183,1.2201732313000255,0.022031389847192513,1.3381733921583852,0.024156797484289626,16.17806831011305,3.0106771400688936,9.923279669773233,3.0203974003135476,12.286455589651439,2.816071676564761,13.115977385471238,2.83895806747945
5,Región de Los Ríos,1.442202131279991,0.02610073221365378,0.4278676344066046,0.007718230838359717,0.7909732284989385,0.014281087738239742,0.9122256513749203,0.016471333084348807,20.336259979423772,4.243334974045432,11.6851944205938,2.8227539755532876,16.369624314612118,3.4357952554337947,16.39198897886885,3.522395152409979
5,Región de Valparaíso,0.17297693862682398,0.0031889232558109416,0.03518092112265611,0.0006471182366697118,0.03564961411575154,0.0006555724175038438,0.03521383453320372,0.0006477120642700602,4.714443079476399,0.6894403655634048,4.267994633153604,0.9166348241596677,4.41414688874786,0.901327347583599,4.298666126800442,0.9186461395739798
5,Región de Ñuble,0.9491992950405875,0.017143989845346017,0.5215314189170964,0.009422015207491627,0.6627024322314816,0.01197879327577118,0.5227338310810771,0.009443395990140534,17.44826721930962,4.722124722625647,12.42592394263743,3.2489874247148003,15.330022245093192,4.032148108455843,12.67740713620855,3.265305693726222
5,Región del Bío-Bío,1.25062451104136,0.022643944221413408,0.6290001503811488,0.011394925199898815,0.8885211320134895,0.01610530923661347,0.6471130098090839,0.01172205151436716,14.369289900771257,2.7803553221406085,11.318559347643808,2.27893946235001,14.490400254832949,2.8620705736287526,11.9177977335549,2.3245871360921404
5,Región del Libertador Bernardo O'Higgins,0.20830020806982016,0.0038078116960985585,0.127357653997995,0.0023059983261754613,0.1507832668665002,0.0027291898417114387,0.13238723251996967,0.0023968960155293243,7.437733043596196,1.0766374966513095,6.571336071910633,1.0228553075940943,7.339750435734418,1.0929499955908486,6.733075221494755,1.036175974430369
5,Región del Maule,0.4512582482432826,0.008176598250527783,0.1597862822324802,0.0028874713158752526,0.3259343915077693,0.005891443858736829,0.18100402124328047,0.003270604377144215,8.966077897991374,1.7676836686678847,6.040275785692304,1.100501689639386,7.907971092556279,1.4528784027952195,6.311699831052926,1.1382178154129927
6,Región Metropolitana de Santiago,0.8310547471966413,0.015527540265139025,0.5205946024017275,0.009565373128836187,0.5210658205550094,0.00957387410301696,0.5209822921737471,0.009572367284625679,12.074000291921275,1.3455674694373823,12.204771121986282,1.7949130187396853,12.33511132509412,1.8265034450049962,12.244040173809543,1.8042913330545165
6,Región de Aysén del Gral.Ibañez del Campo,0.943264398301209,0.01708097617696972,0.14875968718926788,0.0026811568150906595,0.2254174995857165,0.004064770735245772,0.495752932002935,0.00894876993407122,8.832669884589077,2.5096742521786015,8.058793227235387,2.5252391821120814,8.232877376391308,2.606608614021727,8.649807390421831,2.400903719620957
6,Región de La Araucanía,2.610424820408922,0.047158676642446315,1.1208936461415702,0.020220336431107606,2.253207672114504,0.04069105218502685,1.543367304551126,0.027850258681775406,17.922271432921207,3.647420068042737,11.952533813481928,2.4395615834333966,18.56231718782275,4.274704301288818,14.464450348532214,3.152948553362494
6,Región de Los Lagos,2.619672492965334,0.04739532829992172,0.3690911531180208,0.006660127667496893,1.2307845144034413,0.02222300182039126,1.3471268662159765,0.024318434144402178,16.003915512192737,3.0002418535122293,9.973628707758971,3.0783884801450996,12.306967305266646,2.8683335049131973,13.093193896401832,2.888282792010929
6,Región de Los Ríos,1.4431969751687532,0.026118346574710672,0.4287561701447515,0.007734215802485555,0.7957913937189706,0.014368103394761281,0.9142025549335411,0.01650697618788333,19.880317181120446,4.2079712309081785,11.558060478746881,2.8039720751706616,16.150871220985984,3.4301157503921575,16.13706321287656,3.4952083466204615
6,Región de Valparaíso,0.1751920813662869,0.0032309389094698714,0.03563649423960251,0.0006557770395437892,0.03611083428687154,0.0006643320438265832,0.035669804204291236,0.0006563779437320977,4.669609224122999,0.6827432966140595,4.253802770381188,0.9114663594656297,4.395275549423378,0.8959695545249269,4.2837050796548395,0.9132939374280347
6,Región de Ñuble,0.9606624958450501,0.01735126274730895,0.5278321530353164,0.009526085529712229,0.6707096628894822,0.012108978131081178,0.5290490296595065,0.009547735670340231,17.20552303832456,4.655271989372009,12.205451546857375,3.161893543550642,15.060615903339905,3.9388571620904584,12.460574725042797,3.1781475049437526
6,Región del Bío-Bío,1.2602772445497066,0.02281988990247019,0.6334257823373852,0.011436055472019034,0.8949804652665618,0.016164512908744013,0.6517018580565379,0.01176575657048933,14.093025982945884,2.7237141611005953,11.15850992092894,2.2455984073750614,14.277050685334949,2.823213314624742,11.756867019957832,2.2941951876004483
6,Región del Libertador Bernardo O'Higgins,0.21092841557841624,0.003856823853997224,0.12891602650651007,0.0023352369174821606,0.15262410424373973,0.0027641199092891186,0.13400621847516683,0.002427271043540952,7.398998046593806,1.078112839720467,6.5352797165732435,1.022654142521832,7.293308388489091,1.0866302213689916,6.694158077253503,1.0350756428814978
6,Región del Maule,0.4568329147997988,0.008278596373116724,0.16173349953331928,0.002925958401914583,0.3298869819095561,0.005967452598895928,0.1832069150783775,0.003314192529417076,8.857413912030745,1.7509935710798479,5.983511669070227,1.0654883024156947,7.822334415890143,1.4190628384897501,6.2528460583784575,1.1038591271761455
7,Región Metropolitana de Santiago,0.9212471571581319,0.0174317575759826,0.5706025020469341,0.01054329567173717,0.5711129883975499,0.010552491924749606,0.5710225003256068,0.01055086113301518,12.175634612802114,1.3138051996291764,12.163537840225274,1.7778014520010281,12.289754246382063,1.8091825119425795,12.201751632610307,1.786703703899784
7,Región de Aysén del Gral.Ibañez del Campo,1.02256312007982,0.018520760140934744,0.16122978107173083,0.0029064595305512563,0.24427570026888207,0.0044053831259576095,0.5371390962568119,0.009696360550153112,8.876230793120458,2.5610222974380803,8.094843826878718,2.554540775161727,8.270143553062507,2.6335497584004215,8.683388301412872,2.4328943241368965
7,Región de La Araucanía,2.8122925524785862,0.050816988184421624,1.2107906954406882,0.021846187527027574,2.4324823463243748,0.04393562498219696,1.6671791058299346,0.030089383399475696,17.826724470997586,3.6333562766567833,11.912317610840818,2.449507245389237,18.492168022934443,4.284208204864435,14.41155965633037,3.16278068334799
7,Región de Los Lagos,2.7656092426136327,0.050039615951005,0.3943678953188419,0.0071186423947580384,1.321580556907147,0.023865201357283403,1.4385629544088068,0.025971583399520118,15.978848221961748,3.041609511795354,10.035550913637815,3.1577040895631225,12.373828972843773,2.9418599350959322,13.13496224625269,2.963621628997378
7,Región de Los Ríos,1.515943263840057,0.0274383011801595,0.4520263862076584,0.00815449303735364,0.84833879802625,0.015317583038795358,0.9639666627060254,0.017406005954055868,19.62407416973942,4.207619572878205,11.527286271984352,2.834298613860039,16.098811699523896,3.467634396140771,16.0550988292394,3.5245547990632344
7,Región de Valparaíso,0.19179921449081017,0.0035557846919349943,0.03909184656566414,0.0007237830369728599,0.039605714960479155,0.0007330362190310468,0.03912793236140374,0.0007244329950185193,4.668781058079764,0.6731057614771896,4.2403066794609465,0.9049873617196396,4.377750730909445,0.8899524637520845,4.269497813312998,0.9065353413849422
7,Región de Ñuble,1.0411318578652975,0.0188081940575774,0.5719135131013637,0.010322702153022851,0.726698964566459,0.013120998632348457,0.5732317940133032,0.01034615298489952,17.320576415322357,4.71265015978751,12.179558230698955,3.119641029073219,15.025689314517878,3.9055129952588623,12.43554375829649,3.1378413927262128
7,Región del Bío-Bío,1.351349792920968,0.024489483001262528,0.6769749289254028,0.012223801211509167,0.9570237693104471,0.017286330054516134,0.6966108421697708,0.012578034760045083,14.034645208455983,2.6771143542056453,11.098926461943101,2.2071394600588206,14.198390815319788,2.785167202279559,11.696054497492808,2.2584486332571685
7,Región del Libertador Bernardo O'Higgins,0.23032201364752636,0.004226612486210445,0.14002121785402083,0.0025387384752584017,0.16570520313851073,0.0030030335283557034,0.14553560893263978,0.0026384140499583733,7.405241506002491,1.0914666027350162,6.52074648437312,1.0235369692011869,7.273345213277762,1.0864496825769991,6.67774060764452,1.0356993661482916
7,Región del Maule,0.49694182289071787,0.009020697184102706,0.17556469809421085,0.003175147711382517,0.35777383964588255,0.00646933239715346,0.1988320962779314,0.003595261490042554,8.83285823863076,1.7388643517862679,5.953029241138038,1.0309041205826188,7.788111681021315,1.3900417405321528,6.2234540583203914,1.070187847005314
8,Región Metropolitana de Santiago,1.368002394212749,0.025587038842949467,0.8561163033233063,0.01573763569739948,0.8568904474337117,0.01575160005666107,0.856753223132066,0.0157491237677175,13.527142041366075,1.4167055891671045,12.908576409978606,1.82299373043885,13.031375897569093,1.8542303914840288,12.946596655505834,1.8315392215196844
8,Región de Aysén del Gral.Ibañez del Campo,1.5497265520210606,0.028063466186829922,0.24439889052140382,0.004404960923534168,0.37033660534203966,0.006678042129463793,0.8144591504321279,0.014701750693272387,9.016060201312142,2.5985274645103407,8.133909868804604,2.580443042807983,8.321517876439229,2.655981526946024,8.76812043218644,2.4569582016091855
8,Región de La Araucanía,4.1543836237630885,0.07505304750980278,1.812207075850606,0.0326901255008765,3.6336374395786235,0.065617453082542,2.496214440035305,0.04504290711903253,18.94857783213204,3.8803751421196,12.434424119204461,2.567721624017017,19.555470731346315,4.580687228890129,15.1286494693485,3.3455314784369152
8,Región de Los Lagos,3.742067625958948,0.06768450808537692,0.5621533639709244,0.010144914304240844,1.929587804241422,0.03484255640498017,2.0513039504690695,0.037031287551317765,16.411117735246474,3.133750295304693,10.149935190891348,3.235123206672599,12.659252480222145,3.0135556433535795,13.444337029155411,3.0499848053299554
8,Región de Los Ríos,2.004203636248237,0.036283495044367654,0.6083857219236616,0.010975150996597006,1.2013364668308801,0.021693054147721248,1.2988875993710998,0.02345350906035094,20.169653745049633,4.357146717850142,11.78135643135897,2.94519052135612,16.641572738774403,3.62001767117742,16.545181160893687,3.682915744653299
8,Región de Valparaíso,0.2880741505896045,0.005315071225563821,0.05860821692652085,0.001079051968058742,0.05938748986361018,0.0010931049121082424,0.05866294042423982,0.0010800390551224432,4.892831967558162,0.6630697503923826,4.283971030523474,0.9031769022914202,4.418163951198976,0.8891727245571538,4.3125132552895025,0.9044056648784071
8,Región de Ñuble,1.5782846356368285,0.02850706264454444,0.8671663062409865,0.01565055759926945,1.101894245206019,0.01989398047931944,0.8691654608653533,0.015686117874534684,18.92844541897392,5.056520491387454,12.985110907692103,3.228501409117495,16.028634874427265,4.069885839047513,13.242099681981115,3.250507800369635
8,Región del Bío-Bío,1.946833105328921,0.03526242143229392,0.967834508854046,0.017474225364546205,1.372197815375928,0.02478446788112368,0.9966085011182678,0.017993309145735666,14.701972966562785,2.7738448647633733,11.418746532385054,2.2227605886882804,14.668618864885493,2.858013302487153,12.02612552638624,2.2839219216784685
8,Región del Libertador Bernardo O'Higgins,0.3467593026686964,0.006342405565123408,0.2118375921130752,0.0038374953724331358,0.2507868151324053,0.004541988632193246,0.2202000631373916,0.003988691518216242,7.698418201352428,1.1272902261718543,6.671470629298287,1.0214992577323716,7.455018562805869,1.0921073753193837,6.833689394852873,1.034644250906561
8,Región del Maule,0.7507725922961785,0.013607168664274128,0.265754478393863,0.004803386305391009,0.5420147592012127,0.009798383332100664,0.30103351999646005,0.005440466546385869,9.154735556143672,1.7750625134497542,6.045439027206192,1.0079484293760128,7.998051857324029,1.398475622468038,6.3321659219718205,1.0512002608173634
9,Región Metropolitana de Santiago,1.527963959782703,0.02849377463007807,0.9588713026586971,0.017603176736517328,0.9597408110175001,0.017618865863195454,0.9595866841886297,0.017616083312733784,15.382213652735004,1.6270471148521068,14.124206704871572,1.9286974774210908,14.243835298014435,1.9597281282937262,14.162688112702432,1.937040702407353
9,Región de Aysén del Gral.Ibañez del Campo,1.7403366369927926,0.0315135173613525,0.274475420301196,0.004946823695434647,0.4159273204900932,0.007499928427437769,0.9147605714817667,0.016512071009417525,9.167757463160543,2.6265818261437097,8.165299792612961,2.6002501200574004,8.372042352106396,2.6705211643393185,8.87369399058357,2.4701375083847674
9,Región de La Araucanía,4.771386130458737,0.0861950107548075,2.0584349426478203,0.03712972216904145,4.134825322424474,0.0746643554638095,2.8346303868576777,0.05114691097074758,20.716228406521935,4.37515235751249,13.289642388732808,2.7982065116396333,21.306321879094426,5.144786501285989,16.299617260717824,3.6951513575031907
9,Región de Los Lagos,4.645857756383474,0.08404469620510263,0.666192760483493,0.012021021874941903,2.240114439368873,0.040448026477196676,2.43160040541603,0.04389553855862133,17.28088558297218,3.259116578448341,10.303672317613634,3.2890115826076287,13.078102883596335,3.0666571970507994,13.95652599593702,3.1324732175753307
9,Región de Los Ríos,2.540286134178172,0.045976057737211494,0.7590500012533667,0.013692940317917577,1.4329610934948114,0.0258744842590495,1.6190549946854806,0.029235231114292496,21.52284971021819,4.652746952598851,12.285650860206422,3.1118393293381272,17.636394638233114,3.890948538467054,17.554904139899122,3.973438989975784
9,Región de Valparaíso,0.3227406485350384,0.0059473142683528464,0.06562951133588646,0.0012065771049340039,0.06650478125940444,0.0012223665005723526,0.06569097611595107,0.0012076861420427744,5.185220672205783,0.6520866250572406,4.3960779867205675,0.9103433145391558,4.527291262019489,0.8977468824124188,4.423940750189088,0.9112962309854736
9,Región de Ñuble,1.7725355939645009,0.032013911763320906,0.9739687190135076,0.01758023409275429,1.2376196997978104,0.022347642580717576,0.9762141405401135,0.01762016681652907,21.202547588216646,5.6706031976666615,14.26248849868292,3.5099146284861473,17.627483993257215,4.452916660991937,14.521253349229912,3.536615541289533
9,Región del Bío-Bío,2.283473103939177,0.04134417711876701,1.144440180707727,0.02066456123133749,1.6186202724608225,0.02923863487969816,1.1777459301220594,0.021265418462789672,15.815909789030519,3.0029670096746637,12.02633063148318,2.302307485822563,15.564123593834474,3.0596555517465243,12.653666776787826,2.3825013102539057
9,Región del Libertador Bernardo O'Higgins,0.3887334675484987,0.007104086835375503,0.23778540147670119,0.004305746524350117,0.2815325540603785,0.005096489097214176,0.24717801022526822,0.00447552338051931,8.131279263370777,1.1834960951694153,6.926717864894255,1.0230999685246307,7.766150717755471,1.1084853995604969,7.098997167269849,1.0385974495259571
9,Región del Maule,0.8424184562668695,0.015262081171446094,0.2983451425696284,0.0053908413863146525,0.6086155628268238,0.011000317632070333,0.3379679998175159,0.006106292528056736,9.674089062571927,1.8589239856842124,6.219583599024365,0.994232561297799,8.363092553258095,1.444628706483369,6.531336158685676,1.0454329466028762
10,Región Metropolitana de Santiago,1.4958637895577367,0.027870292619787334,0.9395129885137851,0.01724094407723696,0.9403656690240562,0.01725633112595543,0.940214522803972,0.017253602805127482,16.481578586850485,1.7879670438173516,15.008861527607339,2.01097800271996,15.124694750626917,2.041638413334567,15.047607108082758,2.0192296567388897
10,Región de Aysén del Gral.Ibañez del Campo,1.7065429416541256,0.03090106041949852,0.26915310932519404,0.004850826755229646,0.4078673050005279,0.007354518843400716,0.8970456869207234,0.01619223721080093,9.245161985104602,2.64883943425277,8.169894666093032,2.6026084648076733,8.392171174181536,2.668278523094243,8.930934547134921,2.466381571793568
10,Región de La Araucanía,4.737012717332504,0.08557215478646252,2.0312482590068908,0.03663881554193937,4.084249900836654,0.0737505282073127,2.796775022895077,0.05046331848008928,22.044060781012572,4.851777703242753,13.940966668211917,3.017858285205079,22.639184949339974,5.63748693618752,17.185778903983895,4.014631757493337
10,Región de Los Lagos,4.799509218907185,0.08683232365986703,0.6724578924537639,0.012133350693609385,2.236823942530848,0.040387040065704635,2.4547090484549297,0.04431172014979401,18.08798242741444,3.380951886511099,10.418130729651082,3.3086468306587893,13.404027805360476,3.09101802462933,14.388838850641532,3.181521428751466
10,Región de Los Ríos,2.6502248412518954,0.047960421081594304,0.7859963835417094,0.014178133416339963,1.4512194659760234,0.026201516072819335,1.6757709158608283,0.030257747433322473,22.811344367575693,4.964472408878833,12.716314724929234,3.218865709322871,18.443275401113382,4.0947732992159205,18.42584175191147,4.202916732631498
10,Región de Valparaíso,0.3162517849863167,0.005825581501554577,0.06430066277850585,0.00118163501272196,0.06515899240443951,0.0011971204153583461,0.06436093794993003,0.0011827226937802299,5.327217180391299,0.6479215025834223,4.515163615626339,0.9238884738123004,4.642929606020208,0.9126805542622689,4.542292836281495,0.9246324285364423
10,Región de Ñuble,1.7381842044175433,0.031393362900427386,0.9551012503747931,0.017247483160147403,1.2136467439581042,0.021926380747041337,0.9573032136699527,0.01728663803406148,22.695901907192194,6.206127898024758,15.139942554660408,3.769111674639879,18.74131744461661,4.790197321144706,15.400066842978418,3.7981898698473158
10,Región del Bío-Bío,2.292778545954533,0.04150700474154565,1.153834927043474,0.020848447932081,1.6298165686174593,0.02946203293556807,1.1870379889901774,0.021447356141429716,16.672488329766832,3.1994591602414886,12.544251938056561,2.3705858229033203,16.338407443106604,3.2372361216582397,13.189657998164842,2.467707100790472
10,Región del Libertador Bernardo O'Higgins,0.3809904124787182,0.006960801976746428,0.23314008515276774,0.004221445334735007,0.2760410422135102,0.0049970240383344225,0.24235095273353915,0.004387951239816979,8.394041590456986,1.220491267719151,7.11012905104249,1.036699095851284,7.990847956330369,1.1358796102189619,7.290186842513054,1.0545238082902946
10,Región del Maule,0.8258557000179003,0.014960204780485356,0.29252137621807334,0.005285662407869463,0.5967717470427202,0.010786705259819852,0.33137588601521284,0.00598729284477238,10.070646270855729,1.946293409199855,6.3605426029482475,0.9948722068284672,8.64828427827075,1.4987032763209767,6.69075770512921,1.0539062267750452
11,Región Metropolitana de Santiago,1.302053019664947,0.024099869698156,0.8229805640654391,0.015058148280569067,0.8237322653237441,0.015071725582177387,0.8235990219016329,0.015069314640809739,16.534482366640336,1.836061572241363,15.27939372504809,2.0454539653889348,15.390851568656478,2.075963229743896,15.317799440231571,2.0537248284833862
11,Región de Aysén del Gral.Ibañez del Campo,1.5038592025227575,0.027227992031854303,0.23722171199999545,0.004274913951744253,0.3595092796966832,0.006482123885626749,0.7907586325532021,0.01427327451250999,9.237642022296845,2.6679709014289252,8.15506420055515,2.6023317776679047,8.384994949081616,2.6644825573424566,8.93392756140754,2.4614965908267266
11,Región de La Araucanía,4.219826636653545,0.07622038844871636,1.8003313548337232,0.03247261294387742,3.6232214271579086,0.06542546010075065,2.478575072318319,0.04472104986331674,22.46255841304792,5.081299845123649,14.190910352516848,3.1416500384424983,23.147212349011244,5.892840840544137,17.519811889748635,4.191087998667591
11,Región de Los Lagos,4.420667943402842,0.07998049733914434,0.6075805636774195,0.010960817031551476,2.0030120348410843,0.036163248657690245,2.2185957086445836,0.04004761408129717,18.493667124918645,3.446533921880635,10.461296593960176,3.292009145755949,13.539424404356923,3.0738494441472892,14.591677899112248,3.1778466420669167
11,Región de Los Ríos,2.4604311453497014,0.04452108512830806,0.7253809418721364,0.01308433868726648,1.3152249600778654,0.023745209085427533,1.5460171113719505,0.027914587288944276,23.460656379647155,5.127740646926896,12.92408163368611,3.2537175310932174,18.808746255913885,4.1931123254783325,18.84486381634207,4.308562095702596
11,Región de Valparaíso,0.2772025438227737,0.005092261187292606,0.056299495702339275,0.0010312924468173276,0.057056179833187205,0.001044954612967964,0.05635263293787286,0.0010322520503937037,5.289060593007591,0.6377081859948617,4.601126648287004,0.9462069368283386,4.724826602122361,0.9363803051678574,4.6274330024397665,0.9468140347338324
11,Región de Ñuble,1.5320165834455286,0.02766693742872453,0.8419227901655882,0.01520405151494537,1.0698505411852457,0.019329302455189296,0.8438639968094509,0.015238568705353013,23.06147430712805,6.443617737845572,15.404872216914992,3.905980863144779,19.095080657664216,4.962064214470762,15.666179998125857,3.9361348521444426
11,Región del Bío-Bío,2.0615145285766876,0.03730286652390725,1.0416553618849274,0.01882357063203531,1.4698482836006246,0.026574264198471954,1.0713503781339586,0.019359256488510886,16.98128827830417,3.284094241195619,12.783310442274011,2.3952757781335317,16.715120439546617,3.3206147798374634,13.439441007436862,2.5007010697270062
11,Región del Libertador Bernardo O'Higgins,0.33442719311909974,0.0060985208448774385,0.20524273969189963,0.003714779744472745,0.2430629333498293,0.0043989544257595405,0.2133628196257135,0.00386160170129508,8.40297064354434,1.225151829649941,7.164134377541737,1.0577518277447706,8.058852960329842,1.1644669805039012,7.3470828081555,1.0769413392809661
11,Región del Maule,0.7264066179645858,0.013146882850160328,0.2575816098696461,0.004652823220040805,0.5257405399726349,0.009501470612622319,0.2918287534412369,0.005271319234362539,10.214573528606453,2.0031059678103005,6.422778117325461,1.0011261146465065,8.763327509157563,1.540129689385648,6.759177936578966,1.0659302219973834
12,Región Metropolitana de Santiago,0.62103358087709,0.011902258578699197,0.3805303506225525,0.007071412825831408,0.38086693501827096,0.007077466200775387,0.38080727216699556,0.007076393328917917,14.416135955728526,1.6562688411475117,14.140199050059591,1.9626324688099444,14.246527959559153,1.9937399705397107,14.176848621206542,1.9709672336588764
12,Región de Aysén del Gral.Ibañez del Campo,0.6745411485456984,0.012219829037870325,0.10635305683588867,0.0019175575910655614,0.16110891372482702,0.0029058470153959346,0.3542055588240899,0.006394400644026871,9.03903107859545,2.683236025257886,8.105371165584613,2.6082049673553076,8.323731224987274,2.669184222615905,8.820346507161643,2.4699261875101093
12,Región de La Araucanía,2.087789607154507,0.03773169102787013,0.8492123493428014,0.015321286244332185,1.7218939611802624,0.031097966940253394,1.167537951413629,0.02107017101295484,20.75722419386145,4.777534000533108,13.463359223667018,3.050879469421427,21.651343137114676,5.616413739419677,16.50917186453603,4.03760820941974
12,Región de Los Lagos,2.798232351275249,0.05066936818045066,0.3369439018335057,0.006081795897722329,1.031839620314236,0.018630473458821937,1.2292906379649313,0.022192597110369285,18.074014952770998,3.4113404093416952,10.352973105469536,3.2374246531327877,13.225279242094578,3.022698202630151,14.277058373217018,3.1295979079417835
12,Región de Los Ríos,1.6361575923293996,0.029597248573708077,0.4645451649234117,0.008380500551989948,0.7432433876655615,0.013417615595722536,0.9875757528728415,0.01783280891538713,22.749408338774373,4.943952788523699,12.661162181017257,3.2268875202810503,18.157474743973967,4.093283818951684,18.268623073389048,4.205183864651144
12,Región de Valparaíso,0.1277671402865775,0.0023812805330551195,0.026090766235218856,0.00048607892547826935,0.026429580559001686,0.000492168578597661,0.026114559064416544,0.00048650668874097625,4.870864265322729,0.6174671576391119,4.561179541859537,0.9535569225058119,4.680296299027741,0.9450925628400197,4.586668478308314,0.954071165156748
12,Región de Ñuble,0.6867305322754359,0.012408213542747858,0.37714983635893423,0.00680910438569647,0.47920821724591,0.008654840509785185,0.37801903404108955,0.0068245610628829235,20.76648484366592,6.068976482853998,14.213696619525482,3.6876096168308434,17.624998706976722,4.687466782027863,14.473356369508297,3.7174356393617045
12,Región del Bío-Bío,1.1075175394659367,0.020068142929430134,0.5728043664964556,0.010345174807857882,0.8013663420268051,0.014478399060016524,0.5879193501395925,0.010617795888198575,15.972317287606938,3.130583888629979,12.324850299876786,2.340113326348887,16.07314848341342,3.2229033556580466,12.967003686143885,2.437805946268823
12,Región del Libertador Bernardo O'Higgins,0.15304195170603446,0.0028186780046514826,0.09255699510677898,0.0016799984081832093,0.10949145129725033,0.001986135996326802,0.09619285266151091,0.0017457162797524734,7.8698956475143405,1.1710117843570662,6.894357988355105,1.0666104606873885,7.7370385466483915,1.1660905014591092,7.067542988735378,1.084751383282303
12,Región del Maule,0.32890421448153007,0.0059805652511383455,0.1159315535869292,0.0020986039062875906,0.23601848479712353,0.004269988015486902,0.13126770361306817,0.002375535045327619,9.764349522771688,1.9537551854759516,6.279896653176969,0.9906111444841115,8.455961245194802,1.515730307766111,6.594215160848736,1.0550434747528314
13,Región Metropolitana de Santiago,0.4573831522458996,0.009039072001271103,0.2735410174890388,0.005154988790091215,0.2737766265652324,0.00515920558784259,0.27373486271289293,0.005158458579113594,11.689263101190694,1.47608483375931,12.10402504210397,1.7856516199561139,12.20787422240236,1.8159300766635151,12.138336496567971,1.7938303420050776
13,Región de Aysén del Gral.Ibañez del Campo,0.472879938988663,0.00857078456440617,0.07452700636226949,0.0013443260920616908,0.11285598858031476,0.002036114403343152,0.24802368012699685,0.0044780882842010575,8.799992334467603,2.6978232959236195,8.043227564998823,2.6128241887497956,8.237882296984777,2.675064889362443,8.644051831306127,2.4810722121746855
13,Región de La Araucanía,1.3630973806104831,0.02464890294062239,0.5729155174919838,0.010338091484981056,1.154895030652083,0.020858441934613427,0.7882534091981025,0.014226822372618061,17.518662371954854,4.026961325661797,11.949237459028682,2.7133909373933656,18.47664083763037,4.708206153576311,14.41450545861603,3.492708637263225
13,Región de Los Lagos,1.541958840081418,0.027928293067926484,0.2032652886534271,0.003672686030016965,0.6537734044967588,0.011808678115858806,0.7402582592479817,0.013367770182025528,16.660847589793487,3.2265872456051308,10.11964602362526,3.1804804407830165,12.60888926481159,2.9659383253153777,13.50541056104352,3.0460807716764133
13,Región de Los Ríos,0.8733654150365663,0.015812951102046516,0.2538006260797904,0.004580016850651069,0.44141141375170556,0.007970775419324675,0.5401733184899423,0.009755236230123992,20.056927046975304,4.369221403403677,11.829985088956448,3.0913690613436025,16.45790573300423,3.712645836824949,16.513375656921873,3.794167213806382
13,Región de Valparaíso,0.09161005598487572,0.0017297800120431215,0.018789153664393814,0.00035543138580175406,0.01902632369136844,0.0003596712105025316,0.0188058086502043,0.00035572922079655595,4.403697496161462,0.6064835575225443,4.361514998924532,0.9221183892858726,4.479649540822159,0.9155166302104658,4.38706357456926,0.922569193329257
13,Región de Ñuble,0.48116007356005497,0.008697709329904603,0.264105247643809,0.004768606565029395,0.3355463675600082,0.006060463027533083,0.2647136846016352,0.004779426475819173,16.44481777514956,5.025639021024462,11.871299559232979,3.1211990702260946,14.684091321917744,3.9717530582634,12.120925064418087,3.143558394179834
13,Región del Bío-Bío,0.6858223045613113,0.01246065186739105,0.3470568334057165,0.006271189306122583,0.4881720083471688,0.008822811581046279,0.3567051062368531,0.006445241239467946,13.752170636666074,2.7828034888587667,11.139800636316766,2.1952879082530696,14.307516618736559,2.892498128178254,11.724604546779522,2.2582248587306064
13,Región del Libertador Bernardo O'Higgins,0.10909494243845844,0.0020272949362535792,0.06518163279758436,0.0011861825888280038,0.07703584756266846,0.0014003831990371382,0.06772674113893735,0.0012321679181184623,7.073865474004318,1.086170612116172,6.371270448435275,1.0552646760146522,7.1043002451330635,1.137743746382474,6.524199265382936,1.0708758158962142
13,Región del Maule,0.2324090036399058,0.004243500491299579,0.08150922088545746,0.0014780096869521156,0.16558254839432635,0.0029978329429533506,0.09224573011270737,0.0016718300184837202,8.890741530656049,1.8013789856252362,5.942203964205496,0.9484389291054155,7.76998363883285,1.3897177968460188,6.210658505504472,1.0018733098926018
14,Región Metropolitana de Santiago,0.4468039321527384,0.008833806942561941,0.2671264941608219,0.005035115277574986,0.2673564935103502,0.005039231362997877,0.26731572395103204,0.005038501702637314,9.729942185152204,1.3852683074203798,9.81532901757561,1.6262128268689575,9.926981470123822,1.652390329897923,9.849029678158224,1.6332358146150845
14,Región de Aysén del Gral.Ibañez del Campo,0.4616306785826293,0.008366956509436451,0.07275369297301454,0.0013123469417798985,0.11017002272251444,0.0019876628376255256,0.24211945533905893,0.004371495397845196,8.616525079220802,2.7076399004737883,7.979223153759897,2.617264380927557,8.145591321146245,2.6843719537117456,8.445197305874924,2.5069894841348943
14,Región de La Araucanía,1.281572115386356,0.02318060418969791,0.5485747077907609,0.00989901283249932,1.1025169020268963,0.01991249490875556,0.7551100111971224,0.0136287757633001,14.120268486853421,3.1295895688688113,10.135859368201196,2.3632490380875186,14.624649009209259,3.4495534110207062,11.888849104741231,2.7838656214056066
14,Región de Los Lagos,1.3002163629000039,0.02354911453263357,0.1822781583922979,0.003294298457357798,0.6044481061069507,0.0109187216991207,0.6635117376332295,0.01198263393560833,14.603045943258284,3.086188622431325,9.798375524994945,3.16507281411172,11.79475518674787,2.987748773156616,12.394310807027413,3.0182539004404427
14,Región de Los Ríos,0.7188042081291958,0.013021298255697767,0.21270318143819666,0.0038388418598473842,0.3921797805023988,0.007082614814237924,0.4531576921349825,0.008184124373578742,16.362791943162126,3.6538571953746257,10.686021174447777,3.0070124743485653,14.160296703774112,3.284553923305057,14.066943014362433,3.2947591501370157
14,Región de Valparaíso,0.08945869370405239,0.0016894735261414001,0.01834900804424567,0.0003471812132517568,0.018580531166373572,0.0003513197423125177,0.018365266477955482,0.0003474719346812081,4.154358532662483,0.6385737073862842,4.00198329629547,0.842976419136486,4.130546970701628,0.8393678888756944,4.030735771626683,0.8432399090742133
14,Región de Ñuble,0.4697100385592783,0.008490780956502799,0.2578182168307312,0.004655329890772638,0.3275582675979407,0.005916546525073697,0.2584121685704031,0.00466589180578952,12.444743750129662,3.7138631853168533,9.43733222891004,2.447162504416811,11.504151480250412,3.0622724812702287,9.656051561806045,2.4613503043294673
14,Región del Bío-Bío,0.6243722729840965,0.011351611116055055,0.3121993406945979,0.005652354722153853,0.44069447611260654,0.007981186087552775,0.32116086433203134,0.0058139837642062495,11.44332441140998,2.4671884097083736,9.617452154025287,2.1175623774904695,11.885632686087412,2.4917974937639973,10.075237331331671,2.128969950334582
14,Región del Libertador Bernardo O'Higgins,0.10652440867992523,0.0019797809495754513,0.06363506202801662,0.0011580810399502064,0.0752070335690258,0.0013671806470255436,0.06611957251156722,0.0012029710987474448,6.329822122281645,0.980590157166291,5.716552061064959,1.0191003090271307,6.313607281255188,1.0841535242831566,5.8435057609890935,1.032896734932582
14,Región del Maule,0.22690519992782962,0.004143253346406966,0.07957349906737417,0.001442961931957254,0.16164512478684184,0.002926609393580767,0.09005439941407668,0.0016321680185233574,7.975512784640194,1.6145230676242603,5.498416075362478,0.9253081508681197,6.897972669967319,1.223158233105921,5.710587056860408,0.9582452343450282
15,Región Metropolitana de Santiago,0.4376749167582543,0.008675626432260625,0.26117095028222886,0.0049286366741524085,0.2613953398867499,0.004932650571003263,0.2613555644984842,0.004931939281555682,8.392271423514938,1.24658453264599,8.051257527217972,1.4507042579744402,8.171290156896124,1.4793523503614583,8.084807908654085,1.4577950925046814
15,Región de Aysén del Gral.Ibañez del Campo,0.450426270385612,0.008164176012962428,0.07098542222618968,0.0012804922822413306,0.107489062658208,0.0019393150937443615,0.23622024464659205,0.004265004845765676,8.485837280096806,2.7089558387059838,7.93725801663737,2.6181311153503617,8.074860067569468,2.6905123710276944,8.29567872399043,2.530416837285673
15,Región de La Araucanía,1.250525680702915,0.022615346136610554,0.5352336976846683,0.009658432975119481,1.0756880428006685,0.01942809742829022,0.7367374969813889,0.013297330550473782,12.038180212091426,2.6550219991717237,8.852347619244945,2.251208245529317,11.997457949712782,2.7324564114915058,10.115517460832447,2.4330335867481403
15,Región de Los Lagos,1.2688942773123295,0.02298245457147771,0.17788179475701782,0.003215038576438704,0.5897807894462255,0.01065394399234294,0.6474411871924619,0.0116925827739448,13.162274317240456,3.027899749553003,9.522614227292081,3.178951975758286,11.10171330083511,3.0414795570664097,11.47398435166605,3.0322359959041414
15,Región de Los Ríos,0.7015150449762174,0.012708406847648597,0.2075744548537262,0.0037464059436896815,0.3826797435541424,0.0069112512654001205,0.4422223731470676,0.00798681368144855,14.1907920305762,3.3413904414205775,9.829269108712719,3.028644101545807,12.439064176962074,3.1471079476999475,12.271229356345469,3.1024523233201076
15,Región de Valparaíso,0.08744639278623889,0.0016532705350743295,0.01794249868278199,0.00033992250373010346,0.018168374894018468,0.0003439580974893242,0.017958360571591534,0.00034020599558694676,4.020185937672666,0.667376590380798,3.670021765536179,0.7642184188083591,3.8110771234333125,0.7645443298136299,3.70221459501615,0.7643566168456649
15,Región de Ñuble,0.4582886841643043,0.008284674193202349,0.2515377719839167,0.004541947582418309,0.319576862119518,0.0057723822259054675,0.2521172386246453,0.004552250862214833,10.213088512561047,2.916776602695749,7.874655535854578,2.0206156644183246,9.426137561628508,2.428280995879415,8.066463650805517,2.0305130830010647
15,Región del Bío-Bío,0.6094056865546565,0.011081437385572462,0.3046542300607227,0.00550607144771546,0.43003260156113493,0.007773238561309565,0.31339784114292724,0.005663808199791554,10.11326394597408,2.238608115297529,8.533972714858715,2.0757203435004046,10.181588842667486,2.22809116829384,8.897124139257848,2.064444078013203
15,Región del Libertador Bernardo O'Higgins,0.10407970238877584,0.0019357929587865352,0.062113559747888465,0.001130636970776134,0.07340328799703683,0.0013346310756250925,0.06453747240165657,0.0011744309039396442,5.817495742101071,0.8968756805209764,5.122364560525039,0.9587209993153296,5.608526010528144,1.0005003531089542,5.227303303979296,0.9696695426536944
15,Región del Maule,0.22154081952958174,0.004046656426024663,0.07766061785954206,0.0014084745428333055,0.1577315395595766,0.0028559199843443436,0.08788598866751575,0.001593062898060241,7.289972666243803,1.458083831907145,5.142930702782592,0.9605496500391695,6.22101241041914,1.1381835039259183,5.312981240371933,0.9781839303258151
16,Región Metropolitana de Santiago,0.43767519777937647,0.008675073423213343,0.2611709514729934,0.004928637003424055,0.2613953410823281,0.0049326508953190405,0.26135556568291146,0.00493193960544979,7.567990494869292,1.1413674175714823,6.9761907566928505,1.2351295917989322,7.102395475819692,1.2708023382672187,7.009758353948768,1.2434150501462917
16,Región de Aysén del Gral.Ibañez del Campo,0.45043473317579813,0.00816436206150901,0.07098545498633924,0.0012804982308806958,0.10748918778540581,0.0019393419597423223,0.23622034358058216,0.004265029604522717,8.394320688150026,2.6930392949003803,7.904509584143772,2.609491800600225,8.021522897306378,2.685259305337022,8.197358755563673,2.5344362751958345
16,Región de La Araucanía,1.2476087205680828,0.02256214516692424,0.5345952821464961,0.00964697054968311,1.074204432108201,0.019401426256314906,0.7358800023421402,0.013281930352523683,10.821663869929417,2.479867923921132,8.078559398898461,2.246186802690004,10.488077399600149,2.4567993581710015,9.06385692203329,2.320525068396741
16,Región de Los Lagos,1.2565272597658683,0.022758359428234027,0.17690680990712973,0.0031974694585405346,0.587743069712689,0.010617206284995781,0.6438729857358699,0.011628200298280406,12.254631088942189,2.998807774951648,9.313744534350391,3.1894010706599043,10.605093558144896,3.0859386112699587,10.843124423010641,3.0540596346219884
16,Región de Los Ríos,0.693437245600882,0.012562478434944653,0.2054585799250621,0.0037082526389048158,0.3803426160659688,0.006869105155273761,0.4377470644889386,0.007906016972344491,12.927874527883644,3.1719014148882216,9.28637115222477,3.0591880812503187,11.348667775877441,3.1176113366112985,11.180833275047961,3.0505226953770106
16,Región de Valparaíso,0.08744640262408859,0.0016532708104387102,0.017942500795172393,0.00033992267724776296,0.01816837700815616,0.00034395826904418906,0.017958362685404156,0.0003402061680752259,3.9501124702259407,0.6684723424895462,3.4718431462833217,0.7089577160691762,3.6227498764398356,0.7107023714144939,3.5066521168814413,0.7088115085553871
16,Región de Ñuble,0.4582878146409882,0.008285782813528238,0.25153791714625184,0.004541762200848699,0.31957707857115314,0.005772100693217341,0.2521173831203444,0.004552065862713729,8.961549516430283,2.4347717508308087,7.005821107172111,1.801795857829117,8.26389697492197,2.064558544729688,7.181207839434347,1.807835737948385
16,Región del Bío-Bío,0.6066780372534596,0.011032024083095884,0.30304937899849477,0.005476900736975436,0.42786924640767515,0.007733870493880345,0.31176540575332395,0.005634145593971639,9.326999982381007,2.0988685216740612,7.873900361089011,2.052994061382035,9.174230592221846,2.0998568592687112,8.183103802506025,2.0322092273840764
16,Región del Libertador Bernardo O'Higgins,0.1040797001752313,0.0019357950041780916,0.06211355985302086,0.001130637016596327,0.07340328813600443,0.0013346310828568195,0.06453747260110945,0.0011744308735471575,5.518814824187966,0.8605857710727335,4.710953672628216,0.9208613807921969,5.125549547525169,0.9462655073102962,4.80117784067443,0.92884853840093
16,Región del Maule,0.22154596422330847,0.004046802955109972,0.07766419214807833,0.0014085409084390564,0.15774035444006834,0.0028560849826668685,0.08789007654761485,0.0015931388428036934,6.826066816727376,1.3577447563593816,4.897579566741062,1.0087353171447324,5.776179019467295,1.1145170002489462,5.0416575000834305,1.017735281994753
17,Región Metropolitana de Santiago,0.4833180925007095,0.009470448989411958,0.2909486476290353,0.005461452655646651,0.29120108593195504,0.005465977265751238,0.29115633877610997,0.005465175626263919,7.1079621273392135,1.100650085307318,6.401532953098833,1.1066371191929358,6.532810636115342,1.1447910298135588,6.435370236735477,1.1153803268427753
17,Región de Aysén del Gral.Ibañez del Campo,0.5064813045822223,0.00917897791597057,0.07982659813715166,0.0014397504446580617,0.1208932802906369,0.0021809543868757447,0.2657158344020084,0.004797360178865703,8.340553578134553,2.6821191317439528,7.8722665475300495,2.601119622511227,7.976429700405081,2.678220280982704,8.129858770989825,2.5333064257115834
17,Región de La Araucanía,1.3881626143298105,0.025099763871050257,0.5980891489632257,0.01079162723930384,1.2008886654964905,0.02168789687925175,0.8234300860687894,0.014860901956682387,10.163025597601246,2.4310841681025672,7.660807568594047,2.2579161586122765,9.698427100045857,2.3627427021430143,8.505629333878705,2.288159199193042
17,Región de Los Lagos,1.3510463641938484,0.024464403067176725,0.19399757657937855,0.0035054857354863563,0.6508744701712532,0.011756859065091775,0.706368276353096,0.012756016904031378,11.705692054598272,2.9975603748826463,9.16917068203628,3.1981255981148755,10.284858048738208,3.1185909172435453,10.451357131280906,3.0782734512897627
17,Región de Los Ríos,0.739226598945397,0.013391480820575246,0.22050138861679866,0.00397948692599135,0.4161396401647569,0.00751549403948138,0.47002876438141095,0.008488769568360822,12.21708845174519,3.064812945777525,8.97667881393183,3.078773521254044,10.723155720527501,3.1065367267271062,10.57689177473808,3.0369708014418677
17,Región de Valparaíso,0.09750773872435832,0.0018344378458058546,0.019975012840118454,0.00037624603102672107,0.020229123588510197,0.0003807960619339946,0.019992857469573508,0.00037656565631854,3.950063216532306,0.6603248270615719,3.3737192875937305,0.6786181560643463,3.5328461350056157,0.6809622406940626,3.41049729340045,0.6782077593145664
17,Región de Ñuble,0.5153952948936749,0.009315409377473025,0.28294024729890904,0.0051084744865664755,0.35948428546207944,0.006492609375241388,0.2835921452748566,0.00512006800202804,8.283208251757971,2.180690356829554,6.5633726767180445,1.7020763861010548,7.663737456886499,1.8817857841869854,6.729437685119083,1.7034257379788529
17,Región del Bío-Bío,0.6677455203581389,0.012134556253214987,0.33276655578810777,0.006013145872114545,0.47039604894890613,0.008501729905273097,0.34243419035812833,0.006187556151384037,8.875027724735066,2.011066657807993,7.491059996928,2.0238792830677323,8.603848003141042,2.028348661347714,7.770130635798701,1.9991189714725484
17,Región del Libertador Bernardo O'Higgins,0.11630322226875002,0.002155824463924355,0.06972106663553601,0.0012678641498840874,0.08242201107089142,0.0014973842995717097,0.07244796833650753,0.0013171385499919084,5.363413042191591,0.8446180417462175,4.476664633621341,0.9062479484961657,4.853276969945383,0.9222890735046322,4.558787675924513,0.9123919545018491
17,Región del Maule,0.24838280320789383,0.004529879071286749,0.0872393967623586,0.001581105813189227,0.17733498493774488,0.0032098381856756346,0.09874448733678384,0.0017888102707152595,6.53620648505028,1.2984727206640059,4.739845953542983,1.0381780735294066,5.510695255347972,1.109426441023429,4.8701496200986085,1.0430138631029644
18,Región Metropolitana de Santiago,0.6194614553148438,0.011855144541329828,0.38003311209111734,0.007057481790199462,0.38036969651998104,0.00706353639606175,0.38031003376857275,0.007062462862015784,6.955970337994569,1.1049501104267299,6.192957950979941,1.0528319664164985,6.331107273203918,1.0913332191852148,6.227826823755492,1.061647892973184
18,Región de Aysén del Gral.Ibañez del Campo,0.6745532897120057,0.012219781887064858,0.1063476880735493,0.001917421063464495,0.1611032352594531,0.002905705659362155,0.354199986115086,0.006394261968800116,8.31316641340226,2.672868771259971,7.839840396323608,2.595470124139327,7.937138044024268,2.6728271333123637,8.085383698316384,2.5312847728853343
18,Región de La Araucanía,1.8242994477043015,0.032971658246874744,0.7917526991837234,0.014284118746321336,1.5883486196484626,0.028684038788683593,1.0903575043659255,0.01967656506753594,9.968134943164147,2.4049287815405007,7.5133675922243714,2.262311035906873,9.435877956618828,2.3289290714205104,8.316577873562652,2.2732694798694104
18,Región de Los Lagos,1.69639697478644,0.03070200447193623,0.2501338180853837,0.004517126922401333,0.85044650868611,0.015359304718086289,0.9116843394192498,0.016461157741166393,11.454708003724617,3.020210591866306,9.094428558682232,3.2129738262366283,10.134687157883153,3.143763543612102,10.265193979431963,3.1001226667275383
18,Región de Los Ríos,0.9169702148471603,0.01660770639841838,0.2762055874404982,0.004983076048699916,0.5352111976124374,0.009663260587951403,0.5892455371568933,0.010639131034036811,11.938912547493354,3.0221767923031573,8.847862953950948,3.08761376975443,10.454326689813076,3.0959130059559077,10.334728826032821,3.0333265739687607
18,Región de Valparaíso,0.12761625722286368,0.002377255676382819,0.026054312006104273,0.00048504844367159466,0.026393126326713163,0.0004911394913139979,0.026078104838056927,0.0004854763001172108,4.014543965255942,0.6605012882783773,3.3486815028441317,0.6681154559696807,3.5163512900806237,0.6707757308380791,3.3874208230533025,0.667440810060952
18,Región de Ñuble,0.6866993771135621,0.012407403556407147,0.3771439237103162,0.006808512976838571,0.47920266901415765,0.008654029234498697,0.37801312152495364,0.006823970419115941,8.13836013991341,2.0804197458692077,6.450716218266239,1.6534967630815276,7.490726243230118,1.7952400459338058,6.611627471454277,1.6526312496860103
18,Región del Bío-Bío,0.8644995394820514,0.015685494748726075,0.4299332291587066,0.0077664961338572425,0.6087844272755785,0.011000474856897929,0.4425935717311054,0.007994902076467424,8.730555085828573,1.9677972382321791,7.332910516183755,1.9929535855203835,8.362042178257216,1.98317599809757,7.59585633238721,1.967152419700317
18,Región del Libertador Bernardo O'Higgins,0.15290563481184175,0.002814975569632069,0.09253000573529391,0.0016792633676810497,0.1094645983817336,0.0019853532334781,0.09616587490576262,0.0017449765155183783,5.307435018224191,0.8363781819343088,4.379812411373645,0.9035258815790187,4.741284439301962,0.9161500771458377,4.458640712630271,0.9086992892681024
18,Región del Maule,0.3287890143935956,0.005977366003952563,0.11593226383291481,0.002098145847501444,0.2360554946187416,0.004269857178398386,0.1312719705344619,0.0023751107082677107,6.369344651070393,1.2548241147616892,4.650570940245524,1.0455715173136695,5.375217768364463,1.0998173807435587,4.77541611840377,1.0482202029071181
19,Región Metropolitana de Santiago,0.7725904916428767,0.014653740641013234,0.47755912824470337,0.008833550060859782,0.47798546849970686,0.008841228231194381,0.4779098957043133,0.008839867092918643,7.095650264834084,1.1635963723488916,6.270970739855955,1.0613084112954758,6.418891107449378,1.0991825255022987,6.307727706655366,1.07007875375027
19,Región de Aysén del Gral.Ibañez del Campo,0.8541285371377647,0.015470643701576473,0.1346645685305097,0.002427652236921029,0.20402160544027415,0.0036794854229233857,0.4486108192561937,0.008098331660226164,8.32744467468395,2.655525649618291,7.810253537307256,2.58067621985087,7.906530947953544,2.6574678124460833,8.063875213498052,2.516287502896434
19,Región de La Araucanía,2.319067238194889,0.04190701643866565,1.0047218902460082,0.01812518674718564,2.0163820961126526,0.036412809103955016,1.3836384838661338,0.024967974744049316,10.264492895072944,2.43411447600601,7.612454469872692,2.274802339048635,9.635666013655694,2.3487953000110235,8.458777105224556,2.283769111288688
19,Región de Los Lagos,2.1848131169088845,0.03953341453880135,0.3195471052799234,0.005768912355396007,1.0831315202552991,0.019559962886014085,1.1652908488910658,0.021038571200869282,11.515482256739935,3.0602725836827687,9.0922726202445,3.238555093882907,10.144583519134962,3.168038942258229,10.270550276546633,3.1242316302895787
19,Región de Los Ríos,1.1847659472922898,0.02145131909163352,0.35610272916165625,0.0064247148281427035,0.6848423513287297,0.012366540435751848,0.7596999331902455,0.013718258539197718,12.133003823275475,3.034535805342196,8.899707319449476,3.1002438846027847,10.517873430922894,3.1030001165562364,10.43594794837494,3.0493701871270695
19,Región de Valparaíso,0.1604908390280906,0.0029782630486092777,0.03272236361730473,0.000606544172430025,0.03315152842687959,0.0006142696032375855,0.03275250120474926,0.0006070868203958862,4.140240111538553,0.6641785203707383,3.380603692258242,0.6681965847962129,3.5576610937908053,0.6708640589156465,3.4214211902715914,0.6672638440942305
19,Región de Ñuble,0.8695804376539777,0.015709653866511505,0.4776625860360529,0.00862277172382819,0.6069369957337651,0.010960428266137263,0.4787635669786768,0.008642352778792555,8.491816761296977,2.1039663212620217,6.627501993661,1.644714945534637,7.690975989145622,1.7812822211984007,6.787590458217757,1.6447000730696624
19,Región del Bío-Bío,1.1015687150788598,0.0199714929347545,0.5491899402123986,0.00991919989533149,0.7774105162052529,0.014045892479534217,0.5653091146776678,0.01021000443382901,8.92611166901938,1.9602921511622515,7.394355005696345,1.9613364961559137,8.43081841574556,1.9522528475615504,7.65462677983612,1.9362188984164996
19,Región del Libertador Bernardo O'Higgins,0.19263432591219687,0.0035373714943300726,0.11699602685398194,0.0021219564521817,0.13844651070118702,0.0025096967516866917,0.12160145697352397,0.002205204373526861,5.343368114336487,0.8512461680384931,4.397284143016074,0.9142763692412663,4.7620235828961235,0.9278786364758747,4.476635299562396,0.9192262323113899
19,Región del Maule,0.41534877210093496,0.007541944741511347,0.1466861480428151,0.0026533242413598977,0.2988777762598696,0.005404884547902808,0.16611992567170483,0.003004224419439614,6.354139687335997,1.2613943332557542,4.6353532248523965,1.058743735383015,5.364426723135709,1.1078903821140231,4.7617195028369546,1.06086286838421
20,Región Metropolitana de Santiago,1.275994296729588,0.02374101330467284,0.8024669281147336,0.014716954388331281,0.8031961943088465,0.014730116175437012,0.8030669246326194,0.014727782002234792,8.155163679144165,1.4038223531480387,6.989473575905903,1.201265284173658,7.149574996879098,1.2365841349026612,7.029159168416749,1.2097976454233126
20,Región de Aysén del Gral.Ibañez del Campo,1.4595338462290286,0.02642782667314184,0.23018582442230814,0.004148456737899616,0.34882276811030205,0.006289769997379901,0.7671990870409771,0.013848344723908614,8.483832947468976,2.616215967880335,7.810996999386774,2.5504477698737973,7.920234971746372,2.6252648260971982,8.124971573143803,2.476536801380434
20,Región de La Araucanía,3.883975529135947,0.07015633939927103,1.7007188445848203,0.03064353412921225,3.408267082361659,0.06149444686337019,2.342918327688989,0.04222788876655668,11.98817289066384,2.661876990324137,8.325840813378512,2.298133338844243,11.018068343102325,2.50303386241935,9.432768603551686,2.3497068392724936
20,Región de Los Lagos,3.404058151974445,0.061561040480555274,0.5198901584741782,0.009380966593081167,1.7977178821568138,0.03246042720276088,1.8974947639217958,0.0342534514787549,12.272179139395888,3.057365082447298,9.229110333564142,3.2620351952138282,10.488610364049922,3.1643578080378845,10.65922478931872,3.1239981466067164
20,Región de Los Ríos,1.808991869168587,0.03275009337405422,0.5524774119443908,0.009966036731754693,1.1089028761899444,0.020023459372752735,1.1800056382453583,0.021306244321111566,13.34585018443155,3.131912154170542,9.279972663314489,3.1193645039689177,11.245298189078543,3.136022973266171,11.197712167734394,3.0874813086603776
20,Región de Valparaíso,0.2701561007547327,0.004973604948001588,0.05491600592410807,0.0010084988243633055,0.05565010363091652,0.0010217448912416618,0.05496755706514654,0.0010094292160995456,4.434750000294573,0.6752709555823614,3.478683246439493,0.6703265973189957,3.665169406415329,0.672846752410266,3.521548947055408,0.6692215671077145
20,Región de Ñuble,1.4865383578868796,0.026847794302043905,0.8168540907734536,0.014744417696907026,1.0379813676916647,0.018743050478757777,0.8187373522858105,0.014777906118282204,10.474111772093801,2.485654151449547,7.639480118692455,1.7112217462206172,8.947893393363044,1.9217497232211243,7.804613572381798,1.7186251265100922
20,Región del Bío-Bío,1.8059764423983178,0.03270052249966285,0.8959663343824098,0.01617810744922647,1.2714679036354175,0.022967993414565128,0.9228041013681432,0.016662301380194876,10.025105835836843,2.0417982848591096,7.915365800774138,1.9339292016063656,9.1550036346325,1.95379385680958,8.194162719309736,1.9129623806363172
20,Región del Libertador Bernardo O'Higgins,0.3255553943832685,0.005945633495941047,0.19933802270676007,0.003608950064739389,0.23602963941697003,0.004272269936645559,0.20721573933577936,0.0037513563197295835,5.6556880210802625,0.9110671075571369,4.633491939945767,0.948072117306454,5.036692711886642,0.9726805998998674,4.721004644304852,0.9546754758320406
20,Región del Maule,0.7060543737451576,0.01278765379417337,0.2501672408671337,0.004519847298704435,0.5104335623380702,0.009225571920177762,0.283403206739344,0.005120008116002893,6.763669963786119,1.352268359563412,4.782837945179463,1.0834227192852572,5.640177672467858,1.1456375616157513,4.927023891315221,1.0871227406413884
21,Región Metropolitana de Santiago,1.5864288469237868,0.029297033479328216,1.004974378246073,0.018369482387263426,1.0058943756070367,0.018386097471139604,1.0057312975561272,0.018383150836451832,10.445718470490812,1.900493525841702,8.678060728575483,1.518366284375326,8.85145902221156,1.552755384697441,8.721781858176005,1.5275257818834311
21,Región de Aysén del Gral.Ibañez del Campo,1.8405137075870082,0.03332199966755717,0.2903061622212841,0.0052313521067768355,0.43997134847215347,0.00793271317357628,0.9677691273305116,0.017468155693674773,8.752313292605836,2.5601496803296646,7.847195411208451,2.5120562543257026,7.9846694281082256,2.5818398831379388,8.280610065976076,2.4154300663819344
21,Región de La Araucanía,4.99894683595967,0.09028839411637213,2.1672651203009834,0.039091876111780846,4.350557594701714,0.07856169069034141,2.9849887649490747,0.053859710272225136,15.776193194833775,3.517384371199043,9.896058605277252,2.375010380642411,14.1179541919301,3.094004612077526,11.577281778417117,2.6111436174545006
21,Región de Los Lagos,4.715356678288999,0.08527974947779875,0.6887812925092696,0.012425123439096804,2.3370754387172923,0.042195319366218884,2.5151721365335917,0.04540052945511134,14.018324859541218,3.00556357043673,9.51366142022162,3.249151454166453,11.1906038585582,3.0841154995925013,11.515195697128135,3.0446721526977143
21,Región de Los Ríos,2.5569498147113845,0.04627436137617021,0.769060651000666,0.013871678553281317,1.4785625847619879,0.026695689265123466,1.6412227309698852,0.029632896683545334,16.229125042094907,3.409960884102714,10.150746699203589,3.0962132700718934,12.927959806255641,3.165834423747735,12.991515276514662,3.133912718709217
21,Región de Valparaíso,0.33857905646407915,0.006213862639235703,0.06873847539533305,0.0012577574088990678,0.06966456786177119,0.001274480295364351,0.06880350912400768,0.0012589320021037021,4.974361248531545,0.7127021396907118,3.665815848628677,0.677430031480846,3.860474473535588,0.6804801009663455,3.710333503086335,0.6763770646275109
21,Región de Ñuble,1.8748640556256018,0.03385723614237663,1.0303904541379039,0.018598053401488582,1.3093510232016374,0.02364248666133811,1.0327662524350134,0.018640302740947513,15.02742715681811,3.7121519405261907,10.000814816904722,2.0524432333394,11.90825444480571,2.491989241289234,10.17687806578066,2.0745296885231053
21,Región del Bío-Bío,2.3687037980531236,0.04285885306301806,1.1847434504963579,0.021389553330135896,1.677513413747828,0.030299928414067766,1.2195414462453364,0.022017340457104812,12.527446652810331,2.365392401437403,9.151668773029423,1.914940583781783,10.906102712526872,2.046391899838859,9.478212461947605,1.9098259621783726
21,Región del Libertador Bernardo O'Higgins,0.4086805912670314,0.007447707995969913,0.2510701114770865,0.004542539353451787,0.29735799736106905,0.005379374458137737,0.26100815361806234,0.004722197054552553,6.400815579485995,1.028664997995842,5.20780933656529,0.9963427578791634,5.706256383558289,1.0462103901448676,5.315285073857634,1.0068859060792459
21,Región del Maule,0.8884641917122675,0.016074863592563344,0.3152185901025126,0.005692473323708535,0.643527284444273,0.011628526172919732,0.3571443655956529,0.006449569530046301,7.820350140568481,1.547062499076652,5.176379558050737,1.1114332903152626,6.364416370429365,1.216754988831262,5.364170558993052,1.1195940719678872
22,Región Metropolitana de Santiago,1.742945372085399,0.03211487373625906,1.1066392803673917,0.020207278548729363,1.1076546434024814,0.020225619225780346,1.1074746602386774,0.020222366777890754,13.244732776586364,2.2321867695164292,11.135348933503682,1.7916374463553548,11.317401480078333,1.83059839450649,11.183072064272281,1.802775781371092
22,Región de Aysén del Gral.Ibañez del Campo,2.03102414811652,0.03676969475784745,0.32037081616911633,0.005772914720822491,0.48555014797087065,0.008754300217280226,1.0680586465379631,0.019278179264654912,8.95975554502677,2.5114439534854345,7.893299440096115,2.4730627831194587,8.063641312406595,2.5360942391335506,8.460635617120497,2.3488606078183554
22,Región de La Araucanía,5.57714571572377,0.10072746258095898,2.4050486262776998,0.043378121667403846,4.832179271838076,0.08725296082681537,3.3120776710459836,0.05975800298201233,20.555016861998556,4.832055112754301,11.961245033477331,2.6068461559736367,18.319193741624407,4.2097764551139,14.416319725564849,3.1776252032075045
22,Región de Los Lagos,5.457514388648339,0.09870568999742858,0.7800587885658211,0.014070390158352588,2.621025610061676,0.047320208484780274,2.848995497322578,0.05142500866735505,16.202002907690666,3.051242143993185,9.84686473511489,3.2004777119909105,12.026835865740402,2.957887912991113,12.596605976785762,2.9330812185533053
22,Región de Los Ríos,2.9873074432720523,0.05405381704231515,0.8921505675047694,0.01609126972175132,1.6797394373404675,0.030326535766247095,1.9031455340063481,0.0343615024307087,19.966602174844386,3.914154614815445,11.305946612900573,3.018948010925422,15.18927956327355,3.2268066903840795,15.431746480771782,3.268626374883182
22,Región de Valparaíso,0.37291514425195005,0.006837531158938598,0.07567985083864899,0.0013832396468562412,0.07670194071122413,0.0014016997053833162,0.0757516258821775,0.0013845362319779792,5.570991022187415,0.7512054415119397,3.8842522976512988,0.6877778772625049,4.0802535923375975,0.6911023595222358,3.9287837676852266,0.6868598000369389
22,Región de Ñuble,2.0690528246790136,0.037362705316374326,1.1371643407067509,0.020525018440081432,1.4450415549933073,0.026092351331914804,1.1397864114949778,0.020571646704649654,20.820507959728825,5.400487480184972,13.188777702843895,2.7964224601895005,15.946907185733346,3.5243791469069556,13.37625119659083,2.826088248165615
22,Región del Bío-Bío,2.669206987494335,0.04828347181519515,1.3403691086301721,0.024198087894817793,1.8956832874523946,0.03423942282488013,1.3793402785427555,0.024901153863370485,15.867890243324538,3.019669812642427,10.865148475423352,1.988314629034261,13.390376082162598,2.360649915878057,11.263522283564237,2.015494972974416
22,Región del Libertador Bernardo O'Higgins,0.4503559121287799,0.008201807841763803,0.2769586138827144,0.00500991495690976,0.3280446345088786,0.005933505263030541,0.28792681915051205,0.005208198427857615,7.357808091385043,1.1201288050773492,6.00095714720352,1.0210781523091343,6.644790706531089,1.0981138391295922,6.137222929490147,1.034986989996465
22,Región del Maule,0.9797823509317961,0.017721492708727755,0.347756671499284,0.006279163853738877,0.7100754912830786,0.012830172637118362,0.39402626807825725,0.007114708561637284,9.182930961580068,1.7453093377175062,5.703119575285508,1.1260853349813555,7.375048270308854,1.304141921836525,5.952101949901192,1.1416142709138601
23,Región Metropolitana de Santiago,1.72396279142158,0.03176762179408132,1.0944987072580277,0.019986301881897022,1.0955028506552247,0.020004439805940716,1.0953248575564731,0.02000122281794602,15.230315224924368,2.3055273980724573,13.323532409914295,1.927882501278398,13.505450678051256,1.9718384615982716,13.373429070848086,1.940447767509071
23,Región de Aysén del Gral.Ibañez del Campo,2.008552722535917,0.03636291630700714,0.31683175982351097,0.005709148420965719,0.48018597149911413,0.008657591179453661,1.056257885212992,0.019065187921920013,9.075732415277296,2.469409177094556,7.942043765333848,2.4348733937729894,8.140019855926836,2.492157136617827,8.613418229679578,2.28926506710543
23,Región de La Araucanía,5.5710736422362075,0.10061763583855295,2.3905973969490297,0.043117534883690405,4.806961770419411,0.08679800322057536,3.2917648174703147,0.05939162535201639,23.848405246672897,5.7271095176618925,13.559804388050065,2.8961516421239524,21.62444424843397,5.192924798980423,16.621990086122906,3.740628865146203
23,Región de Los Lagos,5.630105483238761,0.10183568969382388,0.7897825423200971,0.01425516705056442,2.6303692268045875,0.04754017537248969,2.884622213542696,0.052104956359664376,17.881486569276117,3.2583511427646674,10.116800890321544,3.1447464077346985,12.711984099995654,2.859074900744218,13.512730370233834,2.8782165445762553
23,Región de Los Ríos,3.1063502750876903,0.05620301806245413,0.9221053618738857,0.016631423773095698,1.7051539292837516,0.030784451969879,1.966315199220869,0.03550195096875332,22.80650870787206,4.507368534830869,12.276314891676499,2.9944825883376085,17.102790585463833,3.429346488266021,17.499553062894144,3.5874507733273577
23,Región de Valparaíso,0.3688210309466519,0.006762689834825339,0.0748500186747101,0.001368125608687057,0.07586081476535292,0.0013863815442900825,0.07492100063231467,0.001369407850000652,5.883129340922146,0.7559420918787441,4.054482540485493,0.6840705603022341,4.242991647252577,0.6875320264292173,4.096896935164887,0.6834636094898027
23,Región de Ñuble,2.046195480141366,0.03694989080212966,1.1245994855337134,0.02029900008369057,1.4290742725746237,0.025805309049984727,1.1271925715656508,0.02034512299301154,24.428678332108806,6.497998247711924,15.518863487948538,3.536838311338215,18.933791737070308,4.427990966980399,15.715033900698417,3.562232457885092
23,Región del Bío-Bío,2.6910913569554893,0.0486763890790628,1.3557620503868053,0.024475839300571244,1.9154481768780114,0.03459622899587109,1.3948214467710884,0.025180485736540238,18.242902426884974,3.579366966718202,12.287058291434963,2.17394491348841,15.498829198143365,2.7759268140141584,12.756146619922069,2.223944015883246
23,Región del Libertador Bernardo O'Higgins,0.4454035863881908,0.008111803885338683,0.2739030755951049,0.004954679035053923,0.324424609576596,0.005868063498692919,0.28475008556852127,0.005150770800797061,8.056396066123664,1.155257210748647,6.6439363485270535,1.0338470393847763,7.423668321936878,1.1293389060032475,6.805136842922922,1.049384262100598
23,Región del Maule,0.9689599029344218,0.017525938482462713,0.34390230307308833,0.006209786790027341,0.7021942856317034,0.012688108348182327,0.3896583571272,0.007036059850733817,10.131508050708275,1.8539039010650626,6.130130192806527,1.1407110911529947,8.194575620952055,1.3931067095688365,6.426920553998375,1.1648545571479971
