comuna,region,concentracion_ref,concentracion_comb,concentracion_comuna,concentracion_rebote,emision_ref,emision_comb,emision_comuna,emision_rebote,Número de habitantes
Aysén,Región de Aysén del Gral.Ibañez del Campo,10.164146957965789,8.96353384484021,9.020259116097526,9.390251899700875,7.022417591425719,0.3798149396506056,0.39216183234335034,1.2638918888705886,23959
Putaendo,Región de Valparaíso,1.422425992680371,1.179486809214095,1.2037985886857783,1.1849954650008818,0.21823289668732157,0.001206775529215552,0.001206775529215552,0.001206775529215552,16754
Río Ibáñez,Región de Aysén del Gral.Ibañez del Campo,6.733109888893531,6.362945180663515,6.405471697990988,6.7443208546673485,0.28831423488738667,0.008822228702247577,0.008822228702247577,0.028850231748935952,2666
Tucapel,Región del Bío-Bío,6.68207839059727,6.264172100536271,7.78975255863231,6.3237522027608675,1.462984217602572,0.763408277159456,1.1264870223255041,0.7634431925677498,14134
Puerto Varas,Región de Los Lagos,11.43822876652987,7.8511146520607795,9.257909195884865,9.23562631084642,2.9649861896455527,0.2011480190292689,0.9970543579667914,0.7246679230937709,44578
Cisnes,Región de Aysén del Gral.Ibañez del Campo,9.703329302168852,8.90772569343587,9.399045439818426,9.355873452439592,1.3679807805871658,0.3359556793556356,1.4367036814855905,1.1203683872522918,6517
Contulmo,Región del Bío-Bío,11.420934487892819,11.164123365651964,14.64502780241547,12.315906724178415,0.28202765152659853,0.15575629854591208,0.31404347365995117,0.18876792579426202,6031
Calbuco,Región de Los Lagos,24.107143820667083,11.202886156939297,15.111391999365814,14.530382965713386,1.5928007483611617,0.19229561869842715,0.9684955993089739,0.7020717345276699,33985
Cabildo,Región de Valparaíso,2.091798474409869,1.5522668430822946,1.6001822491945437,1.5629629986049933,0.030806406146540698,0.0004136116467567984,0.0004136116467567984,0.0004136116467567984,19388
Lonquimay,Región de La Araucanía,5.704498883139519,5.252188646054133,6.757933000538724,5.662602311962717,1.184059140950039,0.5716112638105341,1.3679848920010258,0.7770046206608988,10251
El Quisco,Región de Valparaíso,8.922214714762493,7.233285876707389,7.720241373669133,7.336523850064756,0.021637206592110707,0.0002689523786255892,0.0002689523786255892,0.0002689523786255892,15955
Hualañé,Región del Maule,9.969553380591249,5.835968481888793,7.555062377871342,6.120430962112161,0.06908267482211028,0.04092754953781395,0.08439690305814762,0.045661162375487854,9657
Pucón,Región de La Araucanía,11.046137984277257,8.940449216521234,14.350637331550908,10.588182384419758,3.067303636371508,1.3171243045671988,3.154781267908008,1.8449039912234009,28523
Coyhaique,Región de Aysén del Gral.Ibañez del Campo,13.187324321285127,9.677485009985409,9.781772713216146,13.415504314810509,15.67856427127594,3.1970755134861277,3.200547985635139,10.655926169801416,57818
Lago Verde,Región de Aysén del Gral.Ibañez del Campo,6.854914210901134,6.635732372341529,6.96574742057775,6.9471198201603945,0.007894271097098124,0.020541082466824775,0.08190410880136664,0.06826635377130695,852
Teno,Región del Maule,6.786443649509298,4.981040399648318,6.1456586016151205,5.224834860091516,0.23630949776100507,0.2579161902549658,0.3995387909537889,0.2874220964148593,28921
Cartagena,Región de Valparaíso,8.640471022277529,9.582574897220795,9.972355029441564,9.667848502999961,0.06003352644918147,0.034467834084342626,0.034467834084342626,0.034467834084342626,22738
Machalí,Región del Libertador Bernardo O'Higgins,2.3001444658440238,3.288551302768429,3.333385174394671,3.3134358017592307,0.30916231211057343,0.1784274592947789,0.17843473119119196,0.18500030981130683,52505
Requínoa,Región del Libertador Bernardo O'Higgins,5.483477364826032,5.826234024613372,5.903563102183881,5.9244768210423056,0.40930432984765525,0.22992394137686253,0.23024105033711295,0.24062399110039714,27968
Toltén,Región de La Araucanía,24.09803229565832,14.62483054310934,21.7141110049498,18.24629725295059,1.1276400816246834,0.4288933438144565,1.0286587825026443,0.65680351340483,9722
Chonchi,Región de Los Lagos,16.0242045117057,12.391559508166932,15.969216504431548,14.913685816165902,1.7357736818055025,0.5167495046499881,2.608458067944768,1.890495115444211,14858
Puchuncaví,Región de Valparaíso,9.635711903852131,6.547472685060262,6.801370919422295,6.606003368920401,0.0870097793869332,0.0013776523075385203,0.0013776523075385203,0.0013776523075385203,18546
Chile Chico,Región de Aysén del Gral.Ibañez del Campo,6.852429042298844,6.5326063686434885,6.641592201069511,6.752964291372174,1.2375401469524099,0.019198656786210477,0.08171275572987324,0.06359996410237667,4865
Tortel,Región de Aysén del Gral.Ibañez del Campo,8.101603530982223,7.826488051738279,7.828591929797277,7.90719019896018,0.0047106863747695,0.007690710909689521,0.032826802918582886,0.02554431447906311,523
Mostazal,Región del Libertador Bernardo O'Higgins,4.768124568029058,9.507697263136114,9.5736750825855,9.553590437207674,0.23596932406405272,0.5518813436836588,0.5518813436836588,0.5543455743095032,25343
Chillán Viejo,Región de Ñuble,40.70726630442761,29.20718828912365,32.95266079096513,29.455351986380588,1.586259219765514,1.3914934172207079,1.4939332674985604,1.391568576430697,30907
San José de Maipo,Región Metropolitana de Santiago,1.8873986359247485,2.6146531491435367,2.6430706868529565,2.6229944917928347,0.6391301116395296,0.7359523853407647,0.7359523853407647,0.7364982481609582,18189
O'Higgins,Región de Aysén del Gral.Ibañez del Campo,5.995006178771971,5.710228223383831,5.701785098186753,5.785015841339507,0.0014467979969934577,0.0022141555849079677,0.009224157321238432,0.007193227083821189,625
Curanilahue,Región del Bío-Bío,13.535606488921825,14.065756580975373,16.844916721891973,14.619257190535116,1.3245544332838053,0.6673823129713932,0.9955502103937484,0.6722127131703286,32288
Coihueco,Región de Ñuble,7.278018917839205,5.6930610914283974,6.834130769730376,5.760887887478745,1.8237611670424452,0.9967708787540521,1.3607594930558462,0.9975389837069049,26881
Cochamó,Región de Los Lagos,8.01079177129041,6.801382561603928,7.361387581935697,7.354737775828232,0.19062510937936317,0.00018443608074542885,0.00029183242964493384,0.0002549688602187404,4023
Collipulli,Región de La Araucanía,13.21199471240247,9.574527658597589,15.224288745295295,10.99569979928048,1.9835671070240601,1.1660904050088439,2.7005406074214906,1.5498096639641377,24598
San Clemente,Región del Maule,3.8248453446641886,2.792393799269706,3.230166980604447,2.8720523640278603,0.7132252276205513,0.1988023770006536,0.3402001699414676,0.22701457046541,43269
La Unión,Región de Los Ríos,22.196633703457714,12.60760248333078,15.530981417463533,17.525019377264083,5.130018054876154,0.6435371731223412,1.1387430362910629,1.3973751689732161,38036
La Estrella,Región del Libertador Bernardo O'Higgins,8.677231702018966,6.335847693212864,7.367620974655727,6.513551424815477,0.056878649079434206,0.04182971597398453,0.06163143848926897,0.04368484701253698,3041
San Antonio,Región de Valparaíso,10.51185781316128,9.07719388554825,9.53537543976224,9.17500388995889,0.16425264038391196,0.030793661377797116,0.03148176361786816,0.030841919271381742,91350
Paredones,Región del Libertador Bernardo O'Higgins,8.750186445438963,6.406239814905943,7.86744882092118,6.633857446007854,0.08742835345732672,0.04786002283219918,0.08396488822608181,0.05057009858831449,6188
Pumanque,Región del Libertador Bernardo O'Higgins,8.551459834544904,6.12748139354011,7.6830942599033865,6.356345647602643,0.03835611940653696,0.04852694747633167,0.07962148518815068,0.050909165122568815,3421
Pinto,Región de Ñuble,5.667923591775652,4.859609496881804,5.6553195243964876,4.911105398891895,0.91808586474399,0.4745129681646372,0.6402647952854219,0.47453663123929757,10827
Dalcahue,Región de Los Lagos,16.8165045099086,12.592581518287025,16.696765614299462,15.531014680670847,1.9020776046957537,0.4907815729027014,2.477468277481094,1.7955543347563558,13762
Chaitén,Región de Los Lagos,9.018913255121342,7.764870868262614,8.255093753624292,8.221887567982463,0.40948385958785083,0.020038249698550756,0.08739433949324871,0.0667832828576911,5071
San Nicolás,Región de Ñuble,33.1645093738152,27.458742795790176,31.00183186251178,27.76857410217096,1.8320756483259937,2.2247768281373705,2.3226650767137955,2.2254577905898314,11603
Panguipulli,Región de Los Ríos,12.091145097200807,9.079886678790201,13.655462151085521,11.779795798693135,4.758182766874448,1.9778324732968664,4.765850897800053,3.919680071970389,34539
Río Claro,Región del Maule,8.659162903823427,4.030875434824974,5.105798134126283,4.224256336229657,0.23561282465228656,0.0657596511881637,0.1274606659305919,0.07507364719815443,13906
Fresia,Región de Los Lagos,18.680799779369508,12.220694047172904,16.783207993054205,16.449872319376105,1.5463970551702901,0.3361154063104137,1.6956059897306575,1.229142818037477,12261
Freire,Región de La Araucanía,38.12621670039897,17.251571472550854,24.987692825711513,21.39816605202331,2.2448039280658034,1.6845138685014438,2.800506409804729,2.2902621823011553,24606
María Pinto,Región Metropolitana de Santiago,9.785987891687464,15.231316916570597,15.49622829613357,15.291609862475847,0.1450728111495019,0.2425276656214295,0.2425276656214295,0.2425276656214295,13590
Linares,Región del Maule,8.780152024982936,5.97423445944747,8.091388536166397,6.214116333338735,1.1608015029561913,0.34182363364880847,0.8400607704968872,0.39077795738791693,93602
Lumaco,Región de La Araucanía,15.888153505038295,12.393970998084715,19.043005118184208,14.571715793876075,0.8688826075571622,0.6231305730660059,1.44752101611996,0.8302809228704372,9548
Los Andes,Región de Valparaíso,1.1851127949868472,1.5527496700908587,1.5755054502716033,1.5583936653336379,0.19012681036205056,0.10504119913372685,0.10504119913372685,0.10504119913372685,66708
Puyehue,Región de Los Lagos,12.33823781582131,8.73457796602245,11.026371839564682,12.697651554738135,1.8811092010249475,0.5525956630750932,1.2521192224191426,2.0188422940907604,11667
Puerto Montt,Región de Los Lagos,22.966360352031554,9.36374012544465,11.433612537012595,11.341323521657499,9.936327176042695,0.14226895466149694,0.6977586940965587,0.5070924067636158,245902
San Fabián,Región de Ñuble,3.4487381159028923,3.1930071396361055,3.6030597286093546,3.2431260377677886,0.25172985300584416,0.09312788928864842,0.15193376184786167,0.09573354308840942,4308
Purranque,Región de Los Lagos,24.558168071414695,12.837825491902139,18.79548928525932,19.566629007412462,3.3469340677607775,0.43175934208172606,2.0654047307095875,1.57883360763371,20369
Quillota,Región de Valparaíso,9.439565797210845,5.612575831028598,5.8305091045338795,5.6626483570464226,0.23067385668755738,0.004204173990137702,0.004204173990137702,0.004204173990137702,90517
Quellón,Región de Los Lagos,14.253681229846155,12.026314758198176,13.733831273484494,13.291560349497512,2.1771795238283174,0.4085414283892193,2.0628813862425806,1.495049994324793,27192
Petorca,Región de Valparaíso,1.4424262559648864,1.4212846176326215,1.4616543888765205,1.4300663913164842,0.03259092434068911,0.00019744326328203712,0.00019744326328203712,0.00019744326328203712,9826
Curacaví,Región Metropolitana de Santiago,7.846586364844762,15.5010764528118,15.688146397524967,15.544350603481611,0.5371607950031508,0.8310305820370874,0.8310305820370874,0.8310305820370874,32579
Curepto,Región del Maule,8.391554633439744,6.776267407636942,8.595352609762353,7.080455825502829,0.12781226751857105,0.06341725829828579,0.1354739637802083,0.07225816054932077,9448
Portezuelo,Región de Ñuble,23.439159458848806,21.88548724238646,27.27627432509004,22.3474000797772,0.49923572480743394,0.5528372651567696,0.6908293271792415,0.5528745419778203,4862
Lautaro,Región de La Araucanía,25.280228276356123,14.25902030300086,21.588528733089102,17.601329501966635,2.4441410727305564,1.571586687478126,2.6084613726874513,2.1364090643476885,38013
San Fernando,Región del Libertador Bernardo O'Higgins,3.0446458391008293,3.4861817509035227,3.6156009680406203,3.536194995784027,0.32166576853716056,0.21706906936428513,0.24420680647764864,0.22840590050130188,73973
Lago Ranco,Región de Los Ríos,9.685339813283502,7.5948392847948325,9.472546443121933,9.078189458741278,0.783864651288775,0.22550229798024882,0.5650156746224356,0.48857195844715184,9896
Constitución,Región del Maule,9.064173552051624,7.932799389722547,9.660144722814525,8.240449770063616,0.6011798397765161,0.13979738881581616,0.3360940881325801,0.15983233025319968,46068
Florida,Región del Bío-Bío,17.169722845241395,19.026419053435028,23.850925486660906,19.568286311887228,0.45256380862772816,1.3265931227455408,1.6718461638540323,1.3266649407204905,10624
Los Muermos,Región de Los Lagos,19.6376177778752,11.899011843743322,15.500435569220622,15.124269817704498,1.5632671891334737,0.14925728670387375,0.7510910993466331,0.5445196079409339,17068
Quirihue,Región de Ñuble,14.480213252197196,12.703958653873089,16.48897704146497,13.131878606555603,0.9013887178495962,0.5101580838010491,0.7649238234369848,0.5124858049306438,11594
San Carlos,Región de Ñuble,31.9310393826739,13.561416259210434,16.5410769350327,13.830635550037014,3.4971355129154196,1.0104807550630877,1.2508998377276832,1.0204682801618172,53024
Hualaihué,Región de Los Lagos,9.116193480112626,7.279249679241424,7.90439164507924,7.888031041959075,1.0914128644234673,0.00711909338159559,0.035209925398053205,0.025568147191478638,8944
Vilcún,Región de La Araucanía,14.0480334972289,11.001586365338037,16.12853944217786,13.163127275741916,2.3759044906708886,2.1128371512928514,3.431833063391155,2.872167257652051,28151
Los Lagos,Región de Los Ríos,17.49577325128891,10.896705721576321,15.522052878676682,14.39886713955736,2.603008825353516,0.7742310103868246,1.8305158532839676,1.624534204408199,19634
Hualqui,Región del Bío-Bío,20.560378830658728,17.369438710980063,21.04550106399828,17.967290260576842,0.8161703406921657,0.7268448727721479,0.8530836410804864,0.7268789833204479,24333
Río Negro,Región de Los Lagos,33.15501784274134,14.423898508318164,19.754191705519865,25.53219760355101,4.444078864394828,1.1263364549123196,2.551787393652943,4.117803990627414,14085
Melipilla,Región Metropolitana de Santiago,15.830460433217162,15.806765413726156,16.098827561909804,15.881719802454842,1.306978033065588,1.0205268387249042,1.0219075994093418,1.0208226787935903,123627
Mulchén,Región del Bío-Bío,15.522889533215588,9.651857073664502,13.97643992730343,10.500376737181494,3.3125769894197594,1.8876223727587211,3.5339341682157133,2.1808644656878613,29627
Colbún,Región del Maule,3.312591276806975,2.949066741013767,3.642157322551015,3.038872381925683,0.4353919263149624,0.2478119117015432,0.5866907210302053,0.2832330043509607,20765
Catemu,Región de Valparaíso,5.840183181418177,2.381962377326298,2.4687300084907204,2.4018294168980336,0.18108125842563166,0.005144969910446093,0.005144969910446093,0.005144969910446093,13998
Mariquina,Región de Los Ríos,26.561997718843372,15.548518777387144,23.247297451067848,21.698258422174707,2.667880257042888,1.5359622821477452,3.075702208929507,3.1311770904764953,21278
Quilleco,Región del Bío-Bío,8.244868168079607,7.173646845512393,9.049461641126596,7.2794129903250955,0.8530835495983621,0.86694304551259,1.2795715027701973,0.8671630660573666,9587
Los Angeles,Región del Bío-Bío,27.912182403863408,14.021656079581986,18.498260973582635,14.676705536319638,6.492197973809649,1.4341251875569498,2.2221426380647853,1.4760060549170324,202331
Valdivia,Región de Los Ríos,54.59076956287919,19.915545605922624,24.420825957678453,29.86039204338382,14.267842863925383,3.305981799945415,3.7599284614738586,6.976065636249936,166080
San Juan de la Costa,Región de Los Lagos,17.748396259007972,13.464841354797905,15.569610459206833,21.044470465667544,1.2784345612608932,0.7114182533477159,0.8856118198071571,2.5978405778522324,7512
Casablanca,Región de Valparaíso,7.0704926745938845,8.950427741643955,9.285405423527777,9.025051022143073,0.17123620282655458,0.10872361755965525,0.10872361755965525,0.10872361755965525,26867
Frutillar,Región de Los Lagos,27.888081783544873,12.195348900320354,18.618218784946713,18.960514240343997,2.09917337599553,0.3882120208686918,1.9405672243446417,1.4186108070284638,18428
Curicó,Región del Maule,5.855184561506348,4.741556261374623,5.448168733501235,4.894878328162408,0.4289870062319174,0.24434638792949653,0.4021830157126285,0.27804924213031407,149136
Chiguayante,Región del Bío-Bío,32.64928312623257,19.42712561592419,22.36689971484429,19.906583269082603,0.6233704191947412,0.21110465374111928,0.22693874344781115,0.21111418748686167,85938
Curarrehue,Región de La Araucanía,7.501523244230803,6.866869040258424,9.712381212475263,7.7820147283686385,0.7009922034845669,0.38197834494732275,0.9149794596626889,0.5374067462513832,7489
San Esteban,Región de Valparaíso,1.2509937672360003,1.172349836317189,1.1937995525675398,1.1774296632430234,0.3301828120656511,0.005220904572660469,0.005220904572660469,0.005220904572660469,18855
Laja,Región del Bío-Bío,26.29346571597411,13.647106313918991,18.904798989419383,14.538087453013944,0.7067473051567247,0.3030334097109305,0.4440816493533871,0.3030475347863438,22389
Cochrane,Región de Aysén del Gral.Ibañez del Campo,6.986406587969783,6.900670214691165,7.50424950739646,7.4350629916320505,1.343652171784256,0.2792351243230993,1.1968086316431596,0.9309587496680808,3490
Navidad,Región del Libertador Bernardo O'Higgins,7.5112279424894615,6.26410158335981,7.214699197051368,6.422877889584687,0.036528912368281624,0.017016534259077804,0.028287888638257853,0.017812583080301272,6641
Purén,Región de La Araucanía,15.639138014204555,11.5702891839677,16.952051696632008,13.21529495743053,0.7575442330727827,0.16916477533747856,0.3854851337127809,0.22238401940864228,11779
San Pablo,Región de Los Lagos,42.08537850133365,15.056042953723026,18.18813304057808,28.888651107715827,1.7633859167983774,0.5130724907785209,0.5641839659690943,1.855075201738163,10030
Codegua,Región del Libertador Bernardo O'Higgins,5.8774992343165895,8.746341537291261,8.810774676057777,8.808941720104587,0.1634505824530295,0.1709477863081652,0.1709477863081652,0.17337462524496444,12988
Talca,Región del Maule,33.37555174788209,19.003817173572724,21.53717905247615,19.486532639103842,1.195368753268495,0.08813266933641667,0.1265479998743784,0.10061581545578444,220357
Empedrado,Región del Maule,9.095875462458228,8.288467976446992,10.328388381293172,8.630126854547715,0.09223399532003432,0.04304252193652957,0.10382189470719752,0.049211188194461956,4142
Lo Barnechea,Región Metropolitana de Santiago,2.4146152614264853,3.7210791668674603,3.7546959514855502,3.7295073107406087,0.3314806278888883,0.6204928287349686,0.6204928287349686,0.6204928287349686,105833
Quemchi,Región de Los Lagos,17.881876201703257,11.743126866874807,15.322489046843854,14.52870564185035,0.7867134407740253,0.165925025202311,0.8378180291439021,0.607196907589337,8352
Pudahuel,Región Metropolitana de Santiago,22.355026993233157,24.545713142361365,24.65616857075299,24.572408059087333,0.5069874743688196,0.6209797919380912,0.6209797919380912,0.6209797919380912,230293
Peralillo,Región del Libertador Bernardo O'Higgins,10.494865792499022,6.734022218537865,8.264248719722657,6.968525804055558,0.07554591372376773,0.05308994950107194,0.07943641241766264,0.05564145148718149,11007
Chillán,Región de Ñuble,47.52924609371484,26.245711558629445,29.746091792571864,26.487138391126116,6.193044521748873,1.6429519079377641,1.808174031079649,1.6432776757865122,184739
Alto Biobío,Región del Bío-Bío,4.216539079364576,4.130198064593981,4.518868134681527,4.205914940382908,0.19504474366297248,0.031691211209984506,0.06019477271013333,0.036972444512512866,5923
Pichidegua,Región del Libertador Bernardo O'Higgins,11.127462507312389,7.383589074685955,8.531121777026533,7.607659612611087,0.17893675586644506,0.07873341601625752,0.1054614181501399,0.08226615291505507,19714
Cunco,Región de La Araucanía,9.57306432171486,8.737714388469769,13.242960976099527,10.11332366008115,1.542695058699845,1.258922013870415,2.941347971955231,1.7117067714691994,17526
Queilén,Región de Los Lagos,16.161201913654807,11.705372519169767,14.505709642025321,13.775874369480146,0.39392590777979475,0.08512977353353451,0.42979005543781695,0.3114888808006636,5385
La Ligua,Región de Valparaíso,4.413405816855393,2.865646517351516,3.005728377641552,2.897634445559465,0.09740085310887174,0.0009438675294542157,0.0009438675294542157,0.0009438675294542157,35390
Corral,Región de Los Ríos,21.372675914118947,16.03328872129523,18.98717476366146,23.255528565210188,0.6440689558722854,1.0151293833045563,1.1432251866797363,2.1432764778738753,5302
Rengo,Región del Libertador Bernardo O'Higgins,5.772299073706126,5.635101477237104,5.739693218059926,5.733949891715244,0.30186401084047193,0.17431201160846327,0.1760104271500832,0.18251628766649364,58825
Pitrufquén,Región de La Araucanía,30.154218199846383,15.53863918747454,24.413924127650493,19.193756078881012,1.4526967078597357,0.6618562359283848,1.584566418625025,0.9052550373375189,24837
Yungay,Región de Ñuble,11.612603833669345,8.839440805854508,11.360938058405218,8.952434921592985,1.0890805549241138,0.7076316594896973,1.0437643827671097,0.707657885389345,17787
Santa Bárbara,Región del Bío-Bío,6.463804090515895,5.703323523293628,6.875232626193897,5.800440539471488,0.6459710595434782,0.3799803971707251,0.5638959188371951,0.3812892955769369,13773
Puerto Octay,Región de Los Lagos,14.321729705097905,9.223966866464817,11.985755911359748,12.706507498000187,1.6005573369554982,0.3167420398512607,1.1638675647643093,1.1575598224221038,8999
Parral,Región del Maule,11.782724066810445,6.051186348750814,8.520408900837971,6.322499281874729,0.8096472976403911,0.3110418740323603,0.7477138094686863,0.35306130241586614,41637
Ancud,Región de Los Lagos,19.352823289672397,12.757727101783672,17.318903401834724,16.064119857116456,4.1169126860532,0.791905790514239,3.99761280625946,2.8972709317639103,38991
Teodoro Schmidt,Región de La Araucanía,30.681348451629454,14.690009822148358,21.57057076239171,17.862624287176615,1.4580753614117816,0.3611246893881172,0.8506760623038289,0.4938467078408581,15045
Ninhue,Región de Ñuble,16.551879630623592,16.61971641779691,20.886947363497484,17.033886676506864,0.42340254462044247,0.5606933093123391,0.7268050944107294,0.561079936719416,5213
Loncoche,Región de La Araucanía,25.280518072936722,15.476647442106911,25.933538560617013,20.16455670505113,2.297172051604358,1.4824578543108757,3.55773872099625,2.3672426087281413,23612
Antuco,Región del Bío-Bío,3.6548555248381303,3.8459450929008856,4.2769597683099,3.8846945417140812,0.3419649283147301,0.2925215741940147,0.4316291521073193,0.2925346135205731,4073
Molina,Región del Maule,4.43290957140821,2.963699367107883,3.440580417832138,3.0588493544180118,0.28267535276832434,0.10609181674487689,0.19440198877924272,0.1210443345679981,45976
Río Bueno,Región de Los Ríos,17.278095037935724,9.578306296242177,12.288970326947851,13.984969536030999,3.7698446395966556,0.5364526655900139,1.210656898901297,1.8295425100187566,31372
Tomé,Región del Bío-Bío,19.15194658164296,17.58890001227298,20.985563545568468,18.034364861527308,0.8912099105765553,0.8877236284845578,1.0823588797312493,0.887762492564405,54946
Curacautín,Región de La Araucanía,7.160462740330861,6.812084786631597,9.978519024029453,7.656098523407402,1.2074218932291487,0.6938484627039844,1.6606299244421996,0.943211412742254,17413
Quilaco,Región del Bío-Bío,6.242618405445564,5.372662717208639,6.436177574015467,5.553042660735246,0.45982431143081076,0.25472603719970127,0.425834002424898,0.27432478503480606,3988
Llaillay,Región de Valparaíso,7.604680253380324,5.149773755414087,5.240104873235425,5.17083755938722,0.17673383700978673,0.17099221795644848,0.17099221795644848,0.17099221795644848,24608
San Ignacio,Región de Ñuble,23.10760131486353,12.710802625711876,15.741771563440748,12.850123934668368,1.362217043045471,0.565748609964394,0.7524326635770644,0.5657888815268489,16079
Angol,Región de La Araucanía,19.956306887724878,13.883328322877322,21.922067623964914,16.008065056059586,4.125802725241062,1.1574364340353633,2.593463610580982,1.504250661137672,53262
Coronel,Región del Bío-Bío,26.787949080242516,18.072415035502555,20.42236617230163,18.545645852041257,1.2890183966271207,0.6638844349047649,0.6948953548137026,0.6639145817564142,116262
Cañete,Región del Bío-Bío,11.1565086102591,10.923239597692032,13.364727148106303,11.707060489104553,1.2352265378581704,0.27886907805746164,0.5052879874694327,0.3156637263552011,34537
Las Cabras,Región del Libertador Bernardo O'Higgins,8.598901414591358,8.056684392681229,8.702888582030567,8.2302792937051,0.2587128262548652,0.12364966307441164,0.13769218725699586,0.12700027959027319,24640
Victoria,Región de La Araucanía,15.020216872432973,10.176958373803595,16.802121956970424,12.04130379836623,2.80185658440309,1.5196330449084372,3.634836566684496,2.06588954576172,34182
Yerbas Buenas,Región del Maule,20.891221468890656,7.352494854112517,12.039450368026793,7.925834812489823,0.5397120771437454,0.14950457068998818,0.33502820634275143,0.1708533386029716,18081
Lolol,Región del Libertador Bernardo O'Higgins,8.741866229614727,5.856869138533594,7.464433420292481,6.105305216469975,0.09004487650175069,0.0635427062348599,0.11280951462502231,0.06767946120573705,6811
Vichuquén,Región del Maule,8.569663691676183,6.753656295336387,8.191955360834294,6.995357070672483,0.07050740312762886,0.029213665030974632,0.06117642121764833,0.03208282944177246,4322
Saavedra,Región de La Araucanía,21.795285001165013,14.867020814337469,22.22068840555343,17.848735910900796,0.8756588860348689,0.3202456307468527,0.7656270531640492,0.4354342336970002,12450
Gorbea,Región de La Araucanía,29.020114605491347,15.98263628101872,25.599790525057166,19.84264707840623,1.6935062253182203,0.7603104735308643,1.8203795886999814,1.0471981903678986,14414
El Carmen,Región de Ñuble,9.767277506036443,7.497991204177786,9.450591189222552,7.58037915843151,1.179990458077608,0.554697359623044,0.8153924288652566,0.5547279186321704,12044
Rancagua,Región del Libertador Bernardo O'Higgins,19.586083045471298,21.172750397660792,21.278389382704965,21.35584791352479,0.5272086821961776,0.2462926844882382,0.24638626109379133,0.25346876131584134,241774
Cobquecura,Región de Ñuble,12.436141987938296,11.644725198476335,14.151396115613457,12.022222242215188,0.43466836485053717,0.2756868267100034,0.41723775821886216,0.2777070558246645,5012
Villarrica,Región de La Araucanía,17.06760775976189,12.979447173870152,22.690254233650236,16.32700378849983,5.480392851003346,2.5061648496624436,6.005957851454143,3.637463813603151,55478
Nacimiento,Región del Bío-Bío,16.798917279777143,13.12063320155516,18.118072517163043,14.214478279321217,0.8678349940935955,0.44765311721523965,0.7422540922632708,0.4805048424743189,26315
Palena,Región de Los Lagos,7.470909361254599,6.864236766982067,7.256164954038144,7.221320518918256,0.1640506963591539,0.019548402534563362,0.08305657839004263,0.0646568243708429,1711
Arauco,Región del Bío-Bío,14.057239985948913,13.78607744145897,15.748215210151823,14.217795188058236,0.5298921323438259,0.9751785443259113,1.2066974205521668,0.9752282232285738,36257
Lo Prado,Región Metropolitana de Santiago,54.46498783942984,44.928961632649106,45.01236985110574,44.949505490478536,0.08021804735556637,0.027804083420265985,0.027804083420265985,0.027804083420265985,96249
Maullín,Región de Los Lagos,21.640268790563923,12.107139480837395,16.57095248336001,15.80118976255364,1.2042334551300529,0.2446467737866666,1.2330437664841936,0.8937826110433061,14216
Temuco,Región de La Araucanía,53.052780718409494,23.777829971912674,31.343463443986195,31.06975808036573,12.064006004385815,2.5571153347289184,2.882903157752296,3.4756715059444865,282415
Pelluhue,Región del Maule,10.461396175127113,9.701931439001052,11.899257129983843,10.0763352340761,0.15420750041446118,0.07098210956975555,0.13819860639676176,0.07583836634378037,7571
Los Alamos,Región del Bío-Bío,11.826914745554035,11.820155205961669,14.051142122933927,12.358800956079245,0.7316156780910585,0.31342478792363426,0.4756639387508628,0.3186253920624402,21035
Santo Domingo,Región de Valparaíso,8.69895230663698,7.157659797354711,7.873486598653592,7.289527621703554,0.12254932152005628,0.026826011418836,0.03969048037553479,0.027729466658340023,10900
Romeral,Región del Maule,2.884509802412784,2.946361952552256,3.3274775732911874,3.0330700812258597,0.14632617408922458,0.17187030238898804,0.28226068820806915,0.19481288900958385,15187
Futrono,Región de Los Ríos,9.81119290946198,7.971188786593383,10.551524176110876,9.830874431125489,2.016790516574207,0.5926819387968644,1.4299845139310288,1.2517150789500604,14665
Marchigüe,Región del Libertador Bernardo O'Higgins,8.59927878003818,6.340432370164073,7.726015567171944,6.549151616133698,0.09231067532846327,0.09910829098108698,0.15502392088604347,0.10382099444333323,7308
Cabrero,Región del Bío-Bío,26.13773270294576,14.530750855812908,19.522049113014045,15.001364932645977,1.3205897009812637,0.7598479162282255,1.1194381895923233,0.7598870573532832,28573
Melipeuco,Región de La Araucanía,6.486726267812201,5.997952079700834,7.953946385936297,6.577387046127083,0.3815369590335041,0.17509097381137084,0.4191787532652556,0.23806479930850866,6138
Longaví,Región del Maule,9.952862664066757,4.978103192265842,7.434187597966037,5.251017555757909,1.123139806096011,0.3570958923891126,0.8795426548766466,0.4082804203276252,30534
Cauquenes,Región del Maule,11.875007100708277,10.27539319590927,13.445624672821772,10.694565292287514,0.8003704248566287,0.4269600525970479,0.8863929154187876,0.46425830491376724,40441
Alhué,Región Metropolitana de Santiago,5.811226425947323,13.369354176856255,13.627618743288366,13.511510644601145,0.23554090234419012,0.5754258233126929,0.5786083668992913,0.5818266460741388,6444
Puqueldón,Región de Los Lagos,18.188974464191332,12.288132155338923,17.109135148306688,15.704195987403393,0.1722054130091318,0.0571173193072791,0.2883365189925994,0.2089722465338023,3921
Olmué,Región de Valparaíso,5.717547862350912,9.166201230160663,9.323042474278887,9.202464573552753,0.07320057863766187,0.0795957070671952,0.0795957070671952,0.0795957070671952,17516
Calle Larga,Región de Valparaíso,3.1602472781605515,3.0767299466813456,3.115210220363652,3.085989091457721,0.27446109285071835,0.1376395311551828,0.1376395311551828,0.1376395311551828,14832
Llanquihue,Región de Los Lagos,29.514318193490954,11.7972838835519,17.32262630480787,17.172166068488416,2.375691367359406,0.18268360222522229,0.9146091322276283,0.6633902105239405,17591
Ranquil,Región de Ñuble,22.88338501080871,19.09329916874542,24.597838583505812,19.60534498120736,0.5299950599640331,0.41618058254734636,0.5733732021673258,0.4162055449838874,5755
Retiro,Región del Maule,19.258125624425006,8.453079629358522,13.195618486459066,8.979032767426629,0.7092190131262268,0.2759815081078648,0.6795744652643088,0.3155250883654734,19974
Colina,Región Metropolitana de Santiago,8.272997365386889,8.58593113554508,8.639500576690839,8.599018422616195,2.6103256380444795,1.3953618150502123,1.3953618150502123,1.3953618150502123,146207
Yumbel,Región del Bío-Bío,21.21835156099306,15.18920835061027,20.323961683563642,15.881141019997385,0.6771955680158063,0.7554517533861065,1.06503925902273,0.7554947534075687,21198
Carahue,Región de La Araucanía,14.951498127279438,13.809854445237812,20.325725256923715,16.384219590059157,2.0747885423171817,0.8097948191350758,1.9058835180156686,1.0951169751090444,24533
Traiguén,Región de La Araucanía,25.407883770293083,13.57369379658126,22.99831311201812,16.579174188497127,1.8239009149475183,0.9268447993682748,2.2117395681043583,1.2597427269853647,18843
Santa María,Región de Valparaíso,3.7257839304990035,1.458652074841472,1.493303329602867,1.4666619121704976,0.2391010323483775,0.0010108601305069413,0.0010108601305069413,0.0010108601305069413,15241
Galvarino,Región de La Araucanía,26.193513181884345,15.40603435891735,25.1159073105422,19.12323032104191,0.9212946192116178,0.7161197037825052,1.4235423226627089,0.9734767407055137,11996
San Rafael,Región del Maule,18.282060486856683,5.69306066494503,7.479018549473453,6.020287255954869,0.2711404699369827,0.056176720334571814,0.08649971209632239,0.06411930961768098,9191
Lampa,Región Metropolitana de Santiago,19.13477241931088,18.171420841617415,18.279206370824962,18.19709471354656,1.9174061932153297,1.3704216075419733,1.3704216075419733,1.3704216075419733,102034
Santa Cruz,Región del Libertador Bernardo O'Higgins,11.266568330937224,6.468443464646823,8.059147585731498,6.719491206736504,0.19767548949820427,0.06451030162501882,0.09859486091208683,0.06784769939230799,37855
Malloa,Región del Libertador Bernardo O'Higgins,7.654778842167044,5.8770792094531545,6.126832340703994,6.0172327170035596,0.16927621689225664,0.08033274262780818,0.08384352883104908,0.08416589133663564,13407
Licantén,Región del Maule,8.263609211893108,6.8392572097498565,8.347284536616376,7.096330312571299,0.031461316872430034,0.011785651739673081,0.02810932045652744,0.01337715827901833,6653
Castro,Región de Los Lagos,23.263961374634217,12.937602194240714,19.365352551484975,17.380259740690136,2.5257918792989416,0.31923080160683015,1.6114770446697124,1.1679222453610585,43807
Macul,Región Metropolitana de Santiago,37.9165255351199,29.846344668418173,29.909210560388036,29.862035554937187,0.05443734286485464,0.010953868593604992,0.010953868593604992,0.010953868593604992,116534
Valparaíso,Región de Valparaíso,9.97265776292156,8.356590487039819,8.732388666589324,8.440656651087739,0.173400334940497,0.005304267768317108,0.005304267768317108,0.005304267768317108,296655
Los Sauces,Región de La Araucanía,19.129930636008794,13.212586065770216,22.003754378500865,15.735045038379424,0.9787523179005141,0.7158850394043822,1.7042154000953413,0.9695924316939323,7265
Sagrada Familia,Región del Maule,13.982861942949567,5.457957158785524,7.14397914688818,5.76772810745657,0.21014730174665924,0.07416103204570075,0.1279537931546503,0.0844689096047242,18544
Tirúa,Región del Bío-Bío,11.42073458979116,11.524978458866466,14.519224244529436,12.73016756189289,0.22149209349363638,0.11692588612086319,0.22791662250592767,0.13863146165338527,10417
Cholchol,Región de La Araucanía,23.846971019903823,15.705848687852573,23.731305476679946,19.565068370106847,0.6582984648972511,0.4975064691723578,0.7912538534695437,0.6761795728474984,11611
Chépica,Región del Libertador Bernardo O'Higgins,10.795534438322196,6.2800323030563,8.015404445062979,6.580010888422667,0.1549261510485749,0.15627801587197274,0.24402245843335008,0.17021499987663355,15037
Calera de Tango,Región Metropolitana de Santiago,46.61374207729267,18.829318172360463,18.932682629716066,18.85633105595079,0.46590412905111644,0.17060615069520835,0.17060615069520835,0.17061294878053176,25392
Tiltil,Región Metropolitana de Santiago,8.059442703717343,13.035857431527809,13.129169321870888,13.058063095347178,0.6933569028209182,1.0982141508690737,1.0982141508690737,1.0982141508690737,19312
Paillaco,Región de Los Ríos,25.233586640534572,12.564161438563907,17.62307723412428,17.73524428513832,1.9920201254427807,0.5412713789372993,1.2422838000080711,1.1434227750483865,20188
Paine,Región Metropolitana de Santiago,15.891685929685035,16.46125439721001,16.561170890780364,16.51245258939131,2.321905268123421,1.5100179300541705,1.510051471739256,1.5120901415556969,72759
Guaitecas,Región de Aysén del Gral.Ibañez del Campo,12.748840392516374,11.273062930636074,11.740703942151065,11.70242714079847,5.161701385804723e-05,2.0938471597487748e-05,8.056721757367753e-05,6.284423290546756e-05,1843
Hijuelas,Región de Valparaíso,7.02309270677393,4.748533871199992,4.88496799381175,4.779904672983805,0.16027336390229852,0.04081520859613125,0.04081520859613125,0.04081520859613125,17988
Litueche,Región del Libertador Bernardo O'Higgins,7.911526278882936,6.278285970227869,7.212271205388412,6.438768285060606,0.07107337171708013,0.03039407360674651,0.04740926437163749,0.031698417379817656,6294
Peñaflor,Región Metropolitana de Santiago,41.40792022060793,19.85526219066537,19.99588138896887,19.889966782917167,0.1651459360776883,0.0493687535897971,0.0493687535897971,0.049369389518031215,90201
Osorno,Región de Los Lagos,70.02470506819184,18.469795196330335,22.65610020089583,41.08334240774158,20.759581430597606,2.1040079369516254,2.519400665618312,7.686607628713901,161460
Santa Juana,Región del Bío-Bío,15.314553463746849,14.120186748725821,17.700849163591265,14.794391196727156,0.563542138020651,0.7782442468325864,0.9991448804606693,0.7790004569096742,13749
Pirque,Región Metropolitana de Santiago,8.673289713233158,9.084583836917288,9.140113993613886,9.102158208563926,1.0149335965005215,0.850843309228107,0.850843309228107,0.8512461924435446,26521
Máfil,Región de Los Ríos,25.105196727406483,14.226700687417644,21.25307110860814,19.95361157696404,1.158039979857244,0.54298878972592,1.1496740747595597,1.131439873956518,7095
Cerrillos,Región Metropolitana de Santiago,51.963523076413225,37.614061597817475,37.69784786436294,37.63492635360195,0.09372012906637868,0.0269195552449991,0.0269195552449991,0.0269195552449991,80832
Peñalolén,Región Metropolitana de Santiago,19.003686853799255,16.237082466114348,16.287959970082294,16.249843099058577,0.15208728111452863,0.04722162383514518,0.04722162383514518,0.04722162383514518,241599
Talagante,Región Metropolitana de Santiago,53.428921246642005,20.952952668619634,21.089808887417927,20.992562673455847,1.2383751091241924,0.3529029135040678,0.3529029135040678,0.35295538097877877,74237
Padre Las Casas,Región de La Araucanía,58.157844978779956,24.985693280439463,32.08550435138747,31.547112971850137,10.712511214558505,2.7054548784315533,3.15965386913456,3.6773187440237587,76126
Buin,Región Metropolitana de Santiago,36.54654117745382,16.985475651049796,17.077687001277024,17.021641168118435,1.540781193158708,0.5437587839165111,0.5437587839165111,0.5440125978306777,96614
Chanco,Región del Maule,9.389079236656936,8.824794763529784,10.936570378199985,9.195351588968027,0.16485191477353858,0.06622159969022291,0.15949216280298462,0.07518393884003927,8928
Quinchao,Región de Los Lagos,15.832760505981387,11.361807217141465,14.294218146493511,13.610128196123888,0.15728027969860278,0.031712923478815255,0.16014055185937648,0.11605891498705383,8088
La Cisterna,Región Metropolitana de Santiago,51.75222278185429,40.000364297076516,40.0770898959151,40.01959193558604,0.12374909255712437,0.02577780623865564,0.02577780623865564,0.02577780623865564,90119
San Pedro,Región Metropolitana de Santiago,8.886475421084437,8.778957868842456,9.351301978167356,8.902272737066074,0.28125026359253974,0.08784218853253407,0.09670871295835984,0.08870396864810748,9726
Coinco,Región del Libertador Bernardo O'Higgins,10.757159911500466,8.356563252723241,8.682127779031283,8.559701538226033,0.13054160845097115,0.0633110592123412,0.06541400612792063,0.06607130223612356,7359
Zapallar,Región de Valparaíso,5.911201371939522,4.005391996924088,4.215910690184528,4.053795274344595,0.027756806312330212,0.00028728018593676,0.00028728018593676,0.00028728018593676,7339
Pichilemu,Región del Libertador Bernardo O'Higgins,8.1545487751561,6.367572923738918,7.617454839192987,6.564466560268313,0.1050780090357495,0.05320822047821771,0.08968377783169851,0.055784242532981136,16394
Nogales,Región de Valparaíso,4.697156973072916,3.256421637326446,3.407500487221553,3.290898621593161,0.10478886030289428,0.0019449031954357487,0.0019449031954357487,0.0019449031954357487,22120
Curaco de Vélez,Región de Los Lagos,20.029491564804232,12.453417470597701,18.132538737335064,16.491908268105004,0.18758216346204318,0.06820647499208919,0.3443371173527395,0.24955730485762298,3829
La Florida,Región Metropolitana de Santiago,24.7058444533911,20.820887645048398,20.87516690572103,20.834542404566378,0.42699616469407436,0.13072721069403087,0.13072721069403087,0.13072721069403087,366916
Negrete,Región del Bío-Bío,29.83842714388519,15.7299379312774,24.587604416349556,17.679682163948694,0.3082654851688403,0.15105401592655712,0.2881665184730505,0.17662670869734343,9737
San Vicente,Región del Libertador Bernardo O'Higgins,12.536994635617525,7.4262605495638665,8.41837383304107,7.657892752882169,0.3673881714793193,0.1488670661464503,0.18686661427787365,0.15604392115453355,46766
Coltauco,Región del Libertador Bernardo O'Higgins,8.666646955052896,8.679365257017079,9.176681645655826,8.8883987442509,0.2115042869583079,0.10252549679717717,0.10987080688352083,0.10649887394945995,19597
San Bernardo,Región Metropolitana de Santiago,43.784048297934525,21.04798069934786,21.138444494594022,21.07324203091823,1.0175739673351178,0.35548188205238096,0.35548188205238096,0.3555143474099392,301313
San Javier,Región del Maule,12.865204760486254,8.283471696856521,11.384892832874232,8.759531904660609,0.5726260563285865,0.24585546532937302,0.4411146365655911,0.2808181123207836,45547
Algarrobo,Región de Valparaíso,8.287566670773488,7.220343487003207,7.647867055739774,7.313265526860722,0.05631874838426474,0.0008314756626481042,0.0008314756626481042,0.0008314756626481042,13817
Papudo,Región de Valparaíso,5.992698305785826,3.864828579616004,4.076387479214628,3.9135652140356028,0.01300510222089622,0.00013291974351860989,0.00013291974351860989,0.00013291974351860989,6356
Chimbarongo,Región del Libertador Bernardo O'Higgins,7.981962479554528,5.481741871842921,6.408572644532736,5.672815577273691,0.5361836518694687,0.2044169240703084,0.2809637104536099,0.21907787841317014,35399
Quillón,Región de Ñuble,24.32907808561706,17.903250216320153,23.674185686570077,18.44452074910866,0.7696491459983715,0.653326980392711,0.9256556677343244,0.653372432470179,17485
El Bosque,Región Metropolitana de Santiago,50.109665412469596,37.32099715410559,37.40043006285473,37.34099450955788,0.16469005126029804,0.03946484668445093,0.03946484668445093,0.03946484668445093,162505
Placilla,Región del Libertador Bernardo O'Higgins,13.94778021677619,7.678994859880397,8.909497500944232,7.91626892933888,0.12171598288799393,0.0415216447098042,0.05632233051375332,0.04364490845283623,8738
Limache,Región de Valparaíso,8.922238384347391,8.352091431091036,8.574703050353195,8.403181530352855,0.1853601200753187,0.005385127674497078,0.005385127674497078,0.005385127674497078,46121
Futaleufú,Región de Los Lagos,9.192149789680988,6.860030581972541,7.228374171141556,7.210425055026282,0.8418111786374716,0.00016919196231352922,0.00017886663529134494,0.00017606366822012036,2623
Pemuco,Región de Ñuble,17.665871996002444,11.481579497626491,14.832565606218735,11.658287501493133,0.9260719400148107,0.5443964547561638,0.8015771667112443,0.5444305073576795,8448
Villa Alegre,Región del Maule,23.18347857611047,7.781998160036937,12.015865162464875,8.340762454598854,0.3924879808784158,0.09092191531757664,0.18912582434468195,0.10388398381870814,16221
Lebu,Región del Bío-Bío,15.825449942418569,12.237555157164985,14.075540424601092,12.700739045435974,0.8028597275998943,0.32416480971681044,0.4788015570879412,0.32438073198637196,25522
Maipú,Región Metropolitana de Santiago,35.191529023723405,24.77427436346188,24.87749793983789,24.799833713751287,0.4032300916033005,0.23718473696261544,0.23718473696261544,0.23718473696261544,521627
Olivar,Región del Libertador Bernardo O'Higgins,15.89333303773945,12.546400786672882,12.651450566774365,12.751860412496208,0.10562378914630688,0.039274946078353516,0.03930527830239186,0.041071218568621094,13608
Rauco,Región del Maule,11.995405546288797,5.716125656318885,7.460441918814624,6.047346779023056,0.1403628876907353,0.07892911873492633,0.12974298403838047,0.08915909053171749,10484
Perquenco,Región de La Araucanía,27.586951121786253,14.055539721055746,23.50301745615364,17.30090903874219,1.265641357806665,0.504969894457792,1.161895268614677,0.6865676250545346,6905
Palmilla,Región del Libertador Bernardo O'Higgins,12.581416537713103,7.014076671998384,8.472708585109219,7.262294629871003,0.18244698774464363,0.05027465214441762,0.07239322539189377,0.05275651959723129,12482
Quintero,Región de Valparaíso,11.08108519830401,6.356661970702901,6.660773935183173,6.426745605821174,0.09286797493724763,0.000964742789975299,0.000964742789975299,0.000964742789975299,31923
Isla de Maipo,Región Metropolitana de Santiago,54.24934445299014,19.836240515611344,19.995695360991267,19.88829643265047,1.140541121369916,0.36298348023069943,0.36298348023069943,0.3631171113725988,36219
Nueva Imperial,Región de La Araucanía,31.831947683824257,15.376897621804922,22.640763584282105,19.07839969258242,2.14636439333192,0.7287882577583702,1.3442417040818793,0.9905510294520053,32510
Bulnes,Región de Ñuble,32.20717347910159,19.382453407127716,24.011423421758217,19.69571640674446,1.2149934336066606,0.9335959767433416,1.1824224700203396,0.9336643412947071,21493
San Miguel,Región Metropolitana de Santiago,45.24962542261928,34.583107772303954,34.65539442375302,34.601145364675254,0.12106200641401012,0.024185836304386855,0.024185836304386855,0.024185836304386855,107954
Pencahue,Región del Maule,12.652376654147117,8.513449968765588,10.877582211982244,8.937101953129744,0.588273009591909,0.20674983185504514,0.329961254205819,0.23609651949866872,8245
Ercilla,Región de La Araucanía,18.855170754942282,11.942504155997591,20.44826089617373,14.242733723449149,1.0430885587780327,0.5434365654165956,1.2935041324326284,0.735953465890366,7733
Ñiquén,Región de Ñuble,22.11912934398492,8.800739302941823,11.921824821569617,9.117571596314104,0.8101736070400873,0.16905676048073792,0.34837988326771985,0.1842652413284854,11152
Villa Alemana,Región de Valparaíso,9.893655053031338,9.306151437490353,9.550122714069007,9.361981392655562,0.08841374082381642,0.0016107032519922988,0.0016107032519922988,0.0016107032519922988,126548
San Rosendo,Región del Bío-Bío,22.576757516576183,13.933084715386233,18.51855021589995,14.697672424991927,0.1364361145955653,0.07986598901147167,0.11175579484452396,0.0798699741481977,3412
Viña del Mar,Región de Valparaíso,16.814227981646624,9.820011797806043,10.152966429182285,9.89570346415368,0.20833742444572603,0.0016362994124390026,0.0016362994124390026,0.0016362994124390026,334248
Lanco,Región de Los Ríos,26.17160024309767,14.853374081763768,24.490405502561508,20.78128033271336,1.680689464746284,0.6198588717131208,1.4928848498829295,1.2119334681472849,16752
Concepción,Región del Bío-Bío,33.4707928842882,20.876002349822475,24.191999823076777,21.350568136829654,3.27171523300828,0.8337673795834399,0.921180498365083,0.8338055598741292,223574
Graneros,Región del Libertador Bernardo O'Higgins,15.364412134082475,18.43980447016503,18.52747518252198,18.571036316619978,0.09675517497689083,0.11336184797380863,0.11336184797380863,0.11512328079275655,33437
San Pedro de la Paz,Región del Bío-Bío,40.060802952468855,20.236725726335365,22.562476250460726,20.675731733746108,1.8219227015977564,0.46033312606882504,0.47917730283795135,0.46035331477943836,131808
Talcahuano,Región del Bío-Bío,37.13479809700744,20.28454977464289,22.376012252202,20.68550531293034,1.334812827500313,0.25676903292728454,0.26934192976874816,0.2567800884356895,151749
Penco,Región del Bío-Bío,26.000599539821195,19.834083379171563,23.017504923295924,20.286796302254473,0.6965735960882268,0.2879814293537558,0.32352389406153303,0.2879943642969783,47367
Panquehue,Región de Valparaíso,9.277378921994362,2.2644473717986844,2.333157287751079,2.2804043582312303,0.14601451376019295,0.003622446053789892,0.003622446053789892,0.003622446053789892,7273
Nancagua,Región del Libertador Bernardo O'Higgins,12.388264980912208,7.3283643344304865,9.030722476828194,7.614657915480554,0.11502056888860841,0.05745023679421946,0.08436631957229233,0.060527947677997546,17833
Coelemu,Región de Ñuble,20.584462947142548,16.583792212611122,20.370379287625354,17.02484581555908,0.7278556327916491,0.47299483070966836,0.6256513029449409,0.4730187574259279,15995
Quilpué,Región de Valparaíso,7.83552837910217,11.315716849725593,11.543687544023145,11.367899230276489,0.2111115088572023,0.18936743908561868,0.18936743908561868,0.18936743908561868,151708
Las Condes,Región Metropolitana de Santiago,13.175408335769736,11.080658803113561,11.12653360226808,11.092126944815911,0.2783102179771235,0.13055083658675792,0.13055083658675792,0.13055083658675792,294838
Maule,Región del Maule,27.50281494314526,13.421842126795287,16.54844832329829,14.004388822849927,0.5833524565899242,0.0958981139663998,0.1459705123878367,0.10950399731666131,49721
San Felipe,Región de Valparaíso,7.885436845315251,1.8922116753343798,1.9450905395174567,1.904468717083452,0.3657455299104127,0.003122198392200542,0.003122198392200542,0.003122198392200542,76844
Quilicura,Región Metropolitana de Santiago,36.90819946266415,31.27510584168254,31.355578289181,31.294656968045807,0.18407572585004117,0.14185787172704137,0.14185787172704137,0.14185787172704137,210410
Peumo,Región del Libertador Bernardo O'Higgins,9.891502021853295,8.073208177666881,8.924942598939174,8.290580122422334,0.10099635902960766,0.03976922520695622,0.048084899603877095,0.0412641324953337,14313
Pelarco,Región del Maule,11.298187193051495,4.81490995758808,6.259439105658481,5.085414713525679,0.17432344524109564,0.06507619792640607,0.10180285260470326,0.0742976495629545,8422
Quinta de Tilcoco,Región del Libertador Bernardo O'Higgins,12.861710257687502,7.5555402062688435,8.011573796235025,7.750982119434824,0.09208180688517846,0.034268962663075705,0.03639578670266743,0.035799365254195595,13002
Conchalí,Región Metropolitana de Santiago,33.90187326984274,28.121359603272545,28.19265486774621,28.138810242050223,0.03035524018690548,0.012063379923047493,0.012063379923047493,0.012063379923047493,126955
Treguaco,Región de Ñuble,18.448314334558738,15.61686542780863,19.728561876689394,16.05907717417822,0.478483416336696,0.3303813241353184,0.4667223726256519,0.33040823921423607,5401
Calera,Región de Valparaíso,6.786689127591394,3.4466535548428223,3.6007126532125446,3.481903139559463,0.05381104524404487,0.0006116452038081298,0.0006116452038081298,0.0006116452038081298,50554
Recoleta,Región Metropolitana de Santiago,33.44974564758164,29.8606141752115,29.9260877362004,29.876744756212943,0.1030730898343691,0.03131900836298833,0.03131900836298833,0.03131900836298833,157851
Renaico,Región de La Araucanía,30.583849822402502,16.107662892643457,26.507592340050596,18.603070395653827,0.9129160943385897,0.41489381407508996,0.8666986499900656,0.5145638086172514,10250
Padre Hurtado,Región Metropolitana de Santiago,30.831695598939426,19.519627514087333,19.644933185706698,19.55047847963672,0.47404225489903373,0.2709204417531771,0.2709204417531771,0.2709204417531771,63250
La Reina,Región Metropolitana de Santiago,15.846304378051451,11.556791488108813,11.607727520305803,11.569519197388932,0.14709413141104408,0.049086789739096706,0.049086789739096706,0.049086789739096706,92787
La Cruz,Región de Valparaíso,8.315164788786255,4.158092990219156,4.350669619242786,4.2023151368382035,0.07518737733821255,0.0007376591057985887,0.0007376591057985887,0.0007376591057985887,22098
Rinconada,Región de Valparaíso,7.737033902394846,3.597805985440839,3.6534608582680566,3.6109336659387186,0.19304079639544838,0.04829789434410466,0.04829789434410466,0.04829789434410466,10207
Vitacura,Región Metropolitana de Santiago,19.35284882866674,15.08389992053724,15.138618356982867,15.097418088341751,0.08415551739410777,0.03211507581733265,0.03211507581733265,0.03211507581733265,85384
Hualpén,Región del Bío-Bío,41.91568736474195,21.174915892256994,23.108126769405178,21.576170877145106,1.1071343574555441,0.2465499294486924,0.2537130600527771,0.24656049302206057,91773
Independencia,Región Metropolitana de Santiago,38.96522354533275,34.45386782172654,34.52396763679054,34.471110968457324,0.06931485190407838,0.022860582613014515,0.022860582613014515,0.022860582613014515,100281
El Monte,Región Metropolitana de Santiago,38.98622093132302,20.329523290784092,20.53086598715337,20.380602696976343,0.7042805616691545,0.233995758790972,0.233995758790972,0.23401308424189574,35923
Concón,Región de Valparaíso,14.964914712227054,7.543518045958545,7.849385130648603,7.613586189447798,0.12711288845328508,0.0009586419737902114,0.0009586419737902114,0.0009586419737902114,42152
Puente Alto,Región Metropolitana de Santiago,24.72397062030365,20.1994958879132,20.259381386223765,20.214657598180555,0.2801432588845297,0.10530690869418102,0.10530690869418102,0.10530723834334159,568106
Doñihue,Región del Libertador Bernardo O'Higgins,9.166797825406517,9.610184278295577,9.806602259180702,9.826738926554805,0.09277973577983673,0.0629233058237011,0.06334428928823965,0.06562364049777614,20887
San Joaquín,Región Metropolitana de Santiago,43.25909069933825,34.07057305905554,34.13890056146516,34.08761145017213,0.06301942155441351,0.011409488417040366,0.011409488417040366,0.011409488417040366,94492
Lota,Región del Bío-Bío,21.649577746229156,17.19310457782955,19.73673597394393,17.705963921033103,0.32186307938615977,0.22608205072391913,0.2409591054893393,0.22609276701243947,43535
El Tabo,Región de Valparaíso,9.192914300743075,7.611908340106032,8.073668429624252,7.710305669843548,0.03037437571083935,0.0006006518883743291,0.0006006518883743291,0.0006006518883743291,13286
Cerro Navia,Región Metropolitana de Santiago,49.182236461291374,42.97517624050378,43.059267744918664,42.99580119484001,0.09563504663107314,0.042708307592704345,0.042708307592704345,0.042708307592704345,132622
Huechuraba,Región Metropolitana de Santiago,22.77145633861423,18.51757385363181,18.582142269213996,18.5333783678876,0.15467239456099072,0.08183402620433325,0.08183402620433325,0.08183402620433325,98671
San Ramón,Región Metropolitana de Santiago,48.4970870912489,37.257942189441785,37.32972218924099,37.27593272957537,0.07345053720037255,0.012371007015572876,0.012371007015572876,0.012371007015572876,82900
La Pintana,Región Metropolitana de Santiago,40.894806917784386,29.77191547228967,29.845674781133358,29.79053729586763,0.30570931346169117,0.06358755319461558,0.06358755319461558,0.06358755319461558,177335
Estación Central,Región Metropolitana de Santiago,51.011025741584476,39.88332574727635,39.9627883616007,39.90300876092579,0.14394540056542693,0.039171786865263514,0.039171786865263514,0.039171786865263514,147041
Providencia,Región Metropolitana de Santiago,31.362663286117215,26.063114051355253,26.12557581406501,26.07858379992346,0.15627765485454725,0.04002238439705299,0.04002238439705299,0.04002238439705299,142079
Ñuñoa,Región Metropolitana de Santiago,30.288831308484077,22.770228849310016,22.831088658256665,22.785369335735833,0.16890157979559953,0.039921880344967534,0.039921880344967534,0.039921880344967534,208237
Pedro Aguirre Cerda,Región Metropolitana de Santiago,47.161733271697265,37.49560992761895,37.57142603369774,37.51447539340566,0.05369553387009719,0.01277634788734649,0.01277634788734649,0.01277634788734649,101174
Renca,Región Metropolitana de Santiago,43.0772988662385,36.01750168227487,36.09739655739731,36.03705573360124,0.1449622773663084,0.06778010441919885,0.06778010441919885,0.06778010441919885,147151
Quinta Normal,Región Metropolitana de Santiago,47.80997200793676,39.734965696930885,39.81275830086735,39.75411934455236,0.07852447133980234,0.025852640100640853,0.025852640100640853,0.025852640100640853,110026
Santiago,Región Metropolitana de Santiago,43.96527854110011,37.61346797287464,37.684545437958505,37.631062084966224,0.23691596671255563,0.05846554812836025,0.05846554812836025,0.05846554812836025,404495
La Granja,Región Metropolitana de Santiago,46.83502836475769,35.54671217393545,35.61489755469891,35.56381091905965,0.07500061285216948,0.012025742946402912,0.012025742946402912,0.012025742946402912,116571
